id,owner,secret,server,farm,title,ispublic,isfriend,isfamily,license,o_width,o_height,dateupload,lastupdate,datetaken,datetakengranularity,datetakenunknown,ownername,iconserver,iconfarm,views,tags,machine_tags,originalsecret,originalformat,latitude,longitude,accuracy,context,place_id,woeid,geo_is_public,geo_is_contact,geo_is_friend,geo_is_family,media,media_status,url_sq,height_sq,width_sq,url_t,height_t,width_t,url_s,height_s,width_s,url_m,height_m,width_m,url_z,height_z,width_z,url_l,height_l,width_l,url_o,height_o,width_o,url_c,height_c,width_c,url_q,height_q,width_q,url_n,height_n,width_n,url_k,height_k,width_k,url_h,height_h,width_h,pathalias,cityphototaken,description_content
49318127092,35034347371@N01,596bcdfb92,65535,66,"",1,0,0,9,4608,3456,2020-01-02 12:12:39 -0800,2020-01-02 12:38:43 -0800,2020-01-01 17:55:34 UTC,0,0,roland,5485,6,55,rolandtanglaophoto vancouver,"",1f63aa7656,jpg,49.280738,-123.080589,16,0,"",6157995,1,0,0,0,photo,ready,https://live.staticflickr.com/65535/49318127092_596bcdfb92_s.jpg,75,75,https://live.staticflickr.com/65535/49318127092_596bcdfb92_t.jpg,75,100,https://live.staticflickr.com/65535/49318127092_596bcdfb92_m.jpg,180,240,https://live.staticflickr.com/65535/49318127092_596bcdfb92.jpg,375,500,https://live.staticflickr.com/65535/49318127092_596bcdfb92_z.jpg,480,640,https://live.staticflickr.com/65535/49318127092_596bcdfb92_b.jpg,768,1024,https://live.staticflickr.com/65535/49318127092_1f63aa7656_o.jpg,3456,4608,https://live.staticflickr.com/65535/49318127092_596bcdfb92_c.jpg,600,800,https://live.staticflickr.com/65535/49318127092_596bcdfb92_q.jpg,150,150,https://live.staticflickr.com/65535/49318127092_596bcdfb92_n.jpg,240,320,https://live.staticflickr.com/65535/49318127092_710a695df8_k.jpg,1536,2048,https://live.staticflickr.com/65535/49318127092_e7538ed851_h.jpg,1200,1600,roland,vancouver.bc.canada,vancouver 
49318127112,35034347371@N01,3fab50a334,65535,66,"",1,0,0,9,4608,3456,2020-01-02 12:12:40 -0800,2020-01-02 12:38:43 -0800,2020-01-01 17:56:06 UTC,0,0,roland,5485,6,62,rolandtanglaophoto vancouver,"",7fcafebef1,jpg,49.280813,-123.080514,16,0,"",6157995,1,0,0,0,photo,ready,https://live.staticflickr.com/65535/49318127112_3fab50a334_s.jpg,75,75,https://live.staticflickr.com/65535/49318127112_3fab50a334_t.jpg,75,100,https://live.staticflickr.com/65535/49318127112_3fab50a334_m.jpg,180,240,https://live.staticflickr.com/65535/49318127112_3fab50a334.jpg,375,500,https://live.staticflickr.com/65535/49318127112_3fab50a334_z.jpg,480,640,https://live.staticflickr.com/65535/49318127112_3fab50a334_b.jpg,768,1024,https://live.staticflickr.com/65535/49318127112_7fcafebef1_o.jpg,3456,4608,https://live.staticflickr.com/65535/49318127112_3fab50a334_c.jpg,600,800,https://live.staticflickr.com/65535/49318127112_3fab50a334_q.jpg,150,150,https://live.staticflickr.com/65535/49318127112_3fab50a334_n.jpg,240,320,https://live.staticflickr.com/65535/49318127112_8e51a48d9f_k.jpg,1536,2048,https://live.staticflickr.com/65535/49318127112_b6fde58d1f_h.jpg,1200,1600,roland,vancouver.bc.canada,vancouver 
49318127082,35034347371@N01,16e1b609ec,65535,66,"",1,0,0,9,4608,3456,2020-01-02 12:12:39 -0800,2020-01-02 12:38:43 -0800,2020-01-01 17:56:07 UTC,0,0,roland,5485,6,65,rolandtanglaophoto vancouver,"",c2f012d167,jpg,49.280813,-123.080514,16,0,"",6157995,1,0,0,0,photo,ready,https://live.staticflickr.com/65535/49318127082_16e1b609ec_s.jpg,75,75,https://live.staticflickr.com/65535/49318127082_16e1b609ec_t.jpg,75,100,https://live.staticflickr.com/65535/49318127082_16e1b609ec_m.jpg,180,240,https://live.staticflickr.com/65535/49318127082_16e1b609ec.jpg,375,500,https://live.staticflickr.com/65535/49318127082_16e1b609ec_z.jpg,480,640,https://live.staticflickr.com/65535/49318127082_16e1b609ec_b.jpg,768,1024,https://live.staticflickr.com/65535/49318127082_c2f012d167_o.jpg,3456,4608,https://live.staticflickr.com/65535/49318127082_16e1b609ec_c.jpg,600,800,https://live.staticflickr.com/65535/49318127082_16e1b609ec_q.jpg,150,150,https://live.staticflickr.com/65535/49318127082_16e1b609ec_n.jpg,240,320,https://live.staticflickr.com/65535/49318127082_c8c04a54dd_k.jpg,1536,2048,https://live.staticflickr.com/65535/49318127082_e4af2ff42a_h.jpg,1200,1600,roland,vancouver.bc.canada,vancouver 
49317918031,35034347371@N01,404b3d83c5,65535,66,"",1,0,0,9,4608,3456,2020-01-02 12:12:39 -0800,2020-01-02 12:38:19 -0800,2020-01-01 17:56:35 UTC,0,0,roland,5485,6,60,rolandtanglaophoto vancouver,"",23b73a25ee,jpg,49.280822,-123.080220,16,0,"",6157995,1,0,0,0,photo,ready,https://live.staticflickr.com/65535/49317918031_404b3d83c5_s.jpg,75,75,https://live.staticflickr.com/65535/49317918031_404b3d83c5_t.jpg,75,100,https://live.staticflickr.com/65535/49317918031_404b3d83c5_m.jpg,180,240,https://live.staticflickr.com/65535/49317918031_404b3d83c5.jpg,375,500,https://live.staticflickr.com/65535/49317918031_404b3d83c5_z.jpg,480,640,https://live.staticflickr.com/65535/49317918031_404b3d83c5_b.jpg,768,1024,https://live.staticflickr.com/65535/49317918031_23b73a25ee_o.jpg,3456,4608,https://live.staticflickr.com/65535/49317918031_404b3d83c5_c.jpg,600,800,https://live.staticflickr.com/65535/49317918031_404b3d83c5_q.jpg,150,150,https://live.staticflickr.com/65535/49317918031_404b3d83c5_n.jpg,240,320,https://live.staticflickr.com/65535/49317918031_5d539b06aa_k.jpg,1536,2048,https://live.staticflickr.com/65535/49317918031_a8b0d0f37b_h.jpg,1200,1600,roland,vancouver.bc.canada,vancouver 
49317918056,35034347371@N01,0b8d0d7f75,65535,66,"",1,0,0,9,4608,3456,2020-01-02 12:12:40 -0800,2020-01-02 12:38:43 -0800,2020-01-01 17:56:38 UTC,0,0,roland,5485,6,61,rolandtanglaophoto vancouver,"",9ed9c985cf,jpg,49.280822,-123.080220,16,0,"",6157995,1,0,0,0,photo,ready,https://live.staticflickr.com/65535/49317918056_0b8d0d7f75_s.jpg,75,75,https://live.staticflickr.com/65535/49317918056_0b8d0d7f75_t.jpg,75,100,https://live.staticflickr.com/65535/49317918056_0b8d0d7f75_m.jpg,180,240,https://live.staticflickr.com/65535/49317918056_0b8d0d7f75.jpg,375,500,https://live.staticflickr.com/65535/49317918056_0b8d0d7f75_z.jpg,480,640,https://live.staticflickr.com/65535/49317918056_0b8d0d7f75_b.jpg,768,1024,https://live.staticflickr.com/65535/49317918056_9ed9c985cf_o.jpg,3456,4608,https://live.staticflickr.com/65535/49317918056_0b8d0d7f75_c.jpg,600,800,https://live.staticflickr.com/65535/49317918056_0b8d0d7f75_q.jpg,150,150,https://live.staticflickr.com/65535/49317918056_0b8d0d7f75_n.jpg,240,320,https://live.staticflickr.com/65535/49317918056_f806f18c80_k.jpg,1536,2048,https://live.staticflickr.com/65535/49317918056_9c42e56f75_h.jpg,1200,1600,roland,vancouver.bc.canada,vancouver 
49317918021,35034347371@N01,04af72dd7c,65535,66,"",1,0,0,9,4608,3456,2020-01-02 12:12:39 -0800,2020-01-02 12:38:19 -0800,2020-01-01 19:48:25 UTC,0,0,roland,5485,6,51,rolandtanglaophoto vancouver,"",fe4b00342d,jpg,49.280727,-123.080173,16,0,"",6157995,1,0,0,0,photo,ready,https://live.staticflickr.com/65535/49317918021_04af72dd7c_s.jpg,75,75,https://live.staticflickr.com/65535/49317918021_04af72dd7c_t.jpg,75,100,https://live.staticflickr.com/65535/49317918021_04af72dd7c_m.jpg,180,240,https://live.staticflickr.com/65535/49317918021_04af72dd7c.jpg,375,500,https://live.staticflickr.com/65535/49317918021_04af72dd7c_z.jpg,480,640,https://live.staticflickr.com/65535/49317918021_04af72dd7c_b.jpg,768,1024,https://live.staticflickr.com/65535/49317918021_fe4b00342d_o.jpg,3456,4608,https://live.staticflickr.com/65535/49317918021_04af72dd7c_c.jpg,600,800,https://live.staticflickr.com/65535/49317918021_04af72dd7c_q.jpg,150,150,https://live.staticflickr.com/65535/49317918021_04af72dd7c_n.jpg,240,320,https://live.staticflickr.com/65535/49317918021_21a35df507_k.jpg,1536,2048,https://live.staticflickr.com/65535/49317918021_c2d90a7b14_h.jpg,1200,1600,roland,vancouver.bc.canada,vancouver 
49317421633,35034347371@N01,6477699611,65535,66,"",1,0,0,9,4608,3456,2020-01-02 12:12:39 -0800,2020-01-02 12:38:19 -0800,2020-01-01 19:48:28 UTC,0,0,roland,5485,6,54,rolandtanglaophoto vancouver,"",494b900850,jpg,49.280727,-123.080173,16,0,"",6157995,1,0,0,0,photo,ready,https://live.staticflickr.com/65535/49317421633_6477699611_s.jpg,75,75,https://live.staticflickr.com/65535/49317421633_6477699611_t.jpg,75,100,https://live.staticflickr.com/65535/49317421633_6477699611_m.jpg,180,240,https://live.staticflickr.com/65535/49317421633_6477699611.jpg,375,500,https://live.staticflickr.com/65535/49317421633_6477699611_z.jpg,480,640,https://live.staticflickr.com/65535/49317421633_6477699611_b.jpg,768,1024,https://live.staticflickr.com/65535/49317421633_494b900850_o.jpg,3456,4608,https://live.staticflickr.com/65535/49317421633_6477699611_c.jpg,600,800,https://live.staticflickr.com/65535/49317421633_6477699611_q.jpg,150,150,https://live.staticflickr.com/65535/49317421633_6477699611_n.jpg,240,320,https://live.staticflickr.com/65535/49317421633_c8e886279f_k.jpg,1536,2048,https://live.staticflickr.com/65535/49317421633_7fe7fc775f_h.jpg,1200,1600,roland,vancouver.bc.canada,vancouver 
49318128052,35034347371@N01,a0d925424f,65535,66,"",1,0,0,9,4608,3456,2020-01-02 12:12:48 -0800,2020-01-02 12:38:42 -0800,2020-01-01 19:48:29 UTC,0,0,roland,5485,6,70,rolandtanglaophoto vancouver,"",dc79ef780e,jpg,49.280727,-123.080173,16,0,"",6157995,1,0,0,0,photo,ready,https://live.staticflickr.com/65535/49318128052_a0d925424f_s.jpg,75,75,https://live.staticflickr.com/65535/49318128052_a0d925424f_t.jpg,75,100,https://live.staticflickr.com/65535/49318128052_a0d925424f_m.jpg,180,240,https://live.staticflickr.com/65535/49318128052_a0d925424f.jpg,375,500,https://live.staticflickr.com/65535/49318128052_a0d925424f_z.jpg,480,640,https://live.staticflickr.com/65535/49318128052_a0d925424f_b.jpg,768,1024,https://live.staticflickr.com/65535/49318128052_dc79ef780e_o.jpg,3456,4608,https://live.staticflickr.com/65535/49318128052_a0d925424f_c.jpg,600,800,https://live.staticflickr.com/65535/49318128052_a0d925424f_q.jpg,150,150,https://live.staticflickr.com/65535/49318128052_a0d925424f_n.jpg,240,320,https://live.staticflickr.com/65535/49318128052_bc4d18397a_k.jpg,1536,2048,https://live.staticflickr.com/65535/49318128052_12565d6944_h.jpg,1200,1600,roland,vancouver.bc.canada,vancouver 
49318128057,35034347371@N01,6d9e9d9ab1,65535,66,"",1,0,0,9,4608,3456,2020-01-02 12:12:48 -0800,2020-01-02 12:38:42 -0800,2020-01-01 19:48:42 UTC,0,0,roland,5485,6,62,rolandtanglaophoto vancouver,"",731a63210d,jpg,49.280727,-123.080173,16,0,"",6157995,1,0,0,0,photo,ready,https://live.staticflickr.com/65535/49318128057_6d9e9d9ab1_s.jpg,75,75,https://live.staticflickr.com/65535/49318128057_6d9e9d9ab1_t.jpg,75,100,https://live.staticflickr.com/65535/49318128057_6d9e9d9ab1_m.jpg,180,240,https://live.staticflickr.com/65535/49318128057_6d9e9d9ab1.jpg,375,500,https://live.staticflickr.com/65535/49318128057_6d9e9d9ab1_z.jpg,480,640,https://live.staticflickr.com/65535/49318128057_6d9e9d9ab1_b.jpg,768,1024,https://live.staticflickr.com/65535/49318128057_731a63210d_o.jpg,3456,4608,https://live.staticflickr.com/65535/49318128057_6d9e9d9ab1_c.jpg,600,800,https://live.staticflickr.com/65535/49318128057_6d9e9d9ab1_q.jpg,150,150,https://live.staticflickr.com/65535/49318128057_6d9e9d9ab1_n.jpg,240,320,https://live.staticflickr.com/65535/49318128057_400b12c604_k.jpg,1536,2048,https://live.staticflickr.com/65535/49318128057_a8a3c1d47e_h.jpg,1200,1600,roland,vancouver.bc.canada,vancouver 
49317422603,35034347371@N01,ba2dd11c12,65535,66,"",1,0,0,9,4608,3456,2020-01-02 12:12:48 -0800,2020-01-02 12:38:42 -0800,2020-01-01 19:49:10 UTC,0,0,roland,5485,6,64,rolandtanglaophoto vancouver,"",2de5ab253d,jpg,49.280802,-123.080059,16,0,"",6157995,1,0,0,0,photo,ready,https://live.staticflickr.com/65535/49317422603_ba2dd11c12_s.jpg,75,75,https://live.staticflickr.com/65535/49317422603_ba2dd11c12_t.jpg,75,100,https://live.staticflickr.com/65535/49317422603_ba2dd11c12_m.jpg,180,240,https://live.staticflickr.com/65535/49317422603_ba2dd11c12.jpg,375,500,https://live.staticflickr.com/65535/49317422603_ba2dd11c12_z.jpg,480,640,https://live.staticflickr.com/65535/49317422603_ba2dd11c12_b.jpg,768,1024,https://live.staticflickr.com/65535/49317422603_2de5ab253d_o.jpg,3456,4608,https://live.staticflickr.com/65535/49317422603_ba2dd11c12_c.jpg,600,800,https://live.staticflickr.com/65535/49317422603_ba2dd11c12_q.jpg,150,150,https://live.staticflickr.com/65535/49317422603_ba2dd11c12_n.jpg,240,320,https://live.staticflickr.com/65535/49317422603_6d664a5918_k.jpg,1536,2048,https://live.staticflickr.com/65535/49317422603_0b214b8a25_h.jpg,1200,1600,roland,vancouver.bc.canada,vancouver 
49317919196,35034347371@N01,6a493f785d,65535,66,"",1,0,0,9,4608,3456,2020-01-02 12:12:50 -0800,2020-01-02 12:38:41 -0800,2020-01-01 19:49:46 UTC,0,0,roland,5485,6,69,rolandtanglaophoto vancouver,"",565eae3c9e,jpg,49.280816,-123.079889,16,0,"",6157995,1,0,0,0,photo,ready,https://live.staticflickr.com/65535/49317919196_6a493f785d_s.jpg,75,75,https://live.staticflickr.com/65535/49317919196_6a493f785d_t.jpg,75,100,https://live.staticflickr.com/65535/49317919196_6a493f785d_m.jpg,180,240,https://live.staticflickr.com/65535/49317919196_6a493f785d.jpg,375,500,https://live.staticflickr.com/65535/49317919196_6a493f785d_z.jpg,480,640,https://live.staticflickr.com/65535/49317919196_6a493f785d_b.jpg,768,1024,https://live.staticflickr.com/65535/49317919196_565eae3c9e_o.jpg,3456,4608,https://live.staticflickr.com/65535/49317919196_6a493f785d_c.jpg,600,800,https://live.staticflickr.com/65535/49317919196_6a493f785d_q.jpg,150,150,https://live.staticflickr.com/65535/49317919196_6a493f785d_n.jpg,240,320,https://live.staticflickr.com/65535/49317919196_e4df6e2be3_k.jpg,1536,2048,https://live.staticflickr.com/65535/49317919196_6336632a5a_h.jpg,1200,1600,roland,vancouver.bc.canada,vancouver 
49318128077,35034347371@N01,df3c0545fa,65535,66,"",1,0,0,9,4608,3456,2020-01-02 12:12:48 -0800,2020-01-02 12:38:41 -0800,2020-01-01 19:50:10 UTC,0,0,roland,5485,6,65,rolandtanglaophoto vancouver,"",3cf3f14a77,jpg,49.280847,-123.079753,16,0,"",6157995,1,0,0,0,photo,ready,https://live.staticflickr.com/65535/49318128077_df3c0545fa_s.jpg,75,75,https://live.staticflickr.com/65535/49318128077_df3c0545fa_t.jpg,75,100,https://live.staticflickr.com/65535/49318128077_df3c0545fa_m.jpg,180,240,https://live.staticflickr.com/65535/49318128077_df3c0545fa.jpg,375,500,https://live.staticflickr.com/65535/49318128077_df3c0545fa_z.jpg,480,640,https://live.staticflickr.com/65535/49318128077_df3c0545fa_b.jpg,768,1024,https://live.staticflickr.com/65535/49318128077_3cf3f14a77_o.jpg,3456,4608,https://live.staticflickr.com/65535/49318128077_df3c0545fa_c.jpg,600,800,https://live.staticflickr.com/65535/49318128077_df3c0545fa_q.jpg,150,150,https://live.staticflickr.com/65535/49318128077_df3c0545fa_n.jpg,240,320,https://live.staticflickr.com/65535/49318128077_6e45bef525_k.jpg,1536,2048,https://live.staticflickr.com/65535/49318128077_d7c02453c2_h.jpg,1200,1600,roland,vancouver.bc.canada,vancouver 
49318128362,35034347371@N01,69d4abeac0,65535,66,"",1,0,0,9,4608,3456,2020-01-02 12:12:51 -0800,2020-01-02 12:38:40 -0800,2020-01-01 19:50:27 UTC,0,0,roland,5485,6,58,rolandtanglaophoto vancouver,"",6566bcd94a,jpg,49.280869,-123.079614,16,0,"",6157995,1,0,0,0,photo,ready,https://live.staticflickr.com/65535/49318128362_69d4abeac0_s.jpg,75,75,https://live.staticflickr.com/65535/49318128362_69d4abeac0_t.jpg,75,100,https://live.staticflickr.com/65535/49318128362_69d4abeac0_m.jpg,180,240,https://live.staticflickr.com/65535/49318128362_69d4abeac0.jpg,375,500,https://live.staticflickr.com/65535/49318128362_69d4abeac0_z.jpg,480,640,https://live.staticflickr.com/65535/49318128362_69d4abeac0_b.jpg,768,1024,https://live.staticflickr.com/65535/49318128362_6566bcd94a_o.jpg,3456,4608,https://live.staticflickr.com/65535/49318128362_69d4abeac0_c.jpg,600,800,https://live.staticflickr.com/65535/49318128362_69d4abeac0_q.jpg,150,150,https://live.staticflickr.com/65535/49318128362_69d4abeac0_n.jpg,240,320,https://live.staticflickr.com/65535/49318128362_adc47c83f1_k.jpg,1536,2048,https://live.staticflickr.com/65535/49318128362_b9a32b8a74_h.jpg,1200,1600,roland,vancouver.bc.canada,vancouver 
49318128397,35034347371@N01,a7c01095c4,65535,66,"",1,0,0,9,4608,3456,2020-01-02 12:12:51 -0800,2020-01-02 12:38:40 -0800,2020-01-01 19:50:58 UTC,0,0,roland,5485,6,52,rolandtanglaophoto vancouver,"",584271e0c5,jpg,49.280894,-123.079334,16,0,"",6157995,1,0,0,0,photo,ready,https://live.staticflickr.com/65535/49318128397_a7c01095c4_s.jpg,75,75,https://live.staticflickr.com/65535/49318128397_a7c01095c4_t.jpg,100,75,https://live.staticflickr.com/65535/49318128397_a7c01095c4_m.jpg,240,180,https://live.staticflickr.com/65535/49318128397_a7c01095c4.jpg,500,375,https://live.staticflickr.com/65535/49318128397_a7c01095c4_z.jpg,640,480,https://live.staticflickr.com/65535/49318128397_a7c01095c4_b.jpg,1024,768,https://live.staticflickr.com/65535/49318128397_584271e0c5_o.jpg,3456,4608,https://live.staticflickr.com/65535/49318128397_a7c01095c4_c.jpg,800,600,https://live.staticflickr.com/65535/49318128397_a7c01095c4_q.jpg,150,150,https://live.staticflickr.com/65535/49318128397_a7c01095c4_n.jpg,320,240,https://live.staticflickr.com/65535/49318128397_f4d4f30c85_k.jpg,2048,1536,https://live.staticflickr.com/65535/49318128397_0a5765bf44_h.jpg,1600,1200,roland,vancouver.bc.canada,vancouver 
49318128332,35034347371@N01,d35ca822bd,65535,66,"",1,0,0,9,4608,3456,2020-01-02 12:12:51 -0800,2020-01-02 12:38:41 -0800,2020-01-01 19:51:10 UTC,0,0,roland,5485,6,53,rolandtanglaophoto vancouver,"",9325ba9e5d,jpg,49.280897,-123.079184,16,0,"",6157995,1,0,0,0,photo,ready,https://live.staticflickr.com/65535/49318128332_d35ca822bd_s.jpg,75,75,https://live.staticflickr.com/65535/49318128332_d35ca822bd_t.jpg,100,75,https://live.staticflickr.com/65535/49318128332_d35ca822bd_m.jpg,240,180,https://live.staticflickr.com/65535/49318128332_d35ca822bd.jpg,500,375,https://live.staticflickr.com/65535/49318128332_d35ca822bd_z.jpg,640,480,https://live.staticflickr.com/65535/49318128332_d35ca822bd_b.jpg,1024,768,https://live.staticflickr.com/65535/49318128332_9325ba9e5d_o.jpg,3456,4608,https://live.staticflickr.com/65535/49318128332_d35ca822bd_c.jpg,800,600,https://live.staticflickr.com/65535/49318128332_d35ca822bd_q.jpg,150,150,https://live.staticflickr.com/65535/49318128332_d35ca822bd_n.jpg,320,240,https://live.staticflickr.com/65535/49318128332_0140ddfe10_k.jpg,2048,1536,https://live.staticflickr.com/65535/49318128332_ff9cccadd4_h.jpg,1600,1200,roland,vancouver.bc.canada,vancouver 
49317921901,35034347371@N01,c74356b993,65535,66,"",1,0,0,9,4608,3456,2020-01-02 12:13:15 -0800,2020-01-02 12:38:40 -0800,2020-01-01 19:51:12 UTC,0,0,roland,5485,6,60,rolandtanglaophoto vancouver,"",72d17b3d85,jpg,49.280897,-123.079184,16,0,"",6157995,1,0,0,0,photo,ready,https://live.staticflickr.com/65535/49317921901_c74356b993_s.jpg,75,75,https://live.staticflickr.com/65535/49317921901_c74356b993_t.jpg,100,75,https://live.staticflickr.com/65535/49317921901_c74356b993_m.jpg,240,180,https://live.staticflickr.com/65535/49317921901_c74356b993.jpg,500,375,https://live.staticflickr.com/65535/49317921901_c74356b993_z.jpg,640,480,https://live.staticflickr.com/65535/49317921901_c74356b993_b.jpg,1024,768,https://live.staticflickr.com/65535/49317921901_72d17b3d85_o.jpg,3456,4608,https://live.staticflickr.com/65535/49317921901_c74356b993_c.jpg,800,600,https://live.staticflickr.com/65535/49317921901_c74356b993_q.jpg,150,150,https://live.staticflickr.com/65535/49317921901_c74356b993_n.jpg,320,240,https://live.staticflickr.com/65535/49317921901_e98f9a91f1_k.jpg,2048,1536,https://live.staticflickr.com/65535/49317921901_62f4944bba_h.jpg,1600,1200,roland,vancouver.bc.canada,vancouver 
49318131352,35034347371@N01,54e916cc4e,65535,66,"",1,0,0,9,4608,3456,2020-01-02 12:13:20 -0800,2020-01-02 12:38:39 -0800,2020-01-01 19:51:45 UTC,0,0,roland,5485,6,45,rolandtanglaophoto vancouver,"",9596706827,jpg,49.280711,-123.079125,16,0,"",6157995,1,0,0,0,photo,ready,https://live.staticflickr.com/65535/49318131352_54e916cc4e_s.jpg,75,75,https://live.staticflickr.com/65535/49318131352_54e916cc4e_t.jpg,75,100,https://live.staticflickr.com/65535/49318131352_54e916cc4e_m.jpg,180,240,https://live.staticflickr.com/65535/49318131352_54e916cc4e.jpg,375,500,https://live.staticflickr.com/65535/49318131352_54e916cc4e_z.jpg,480,640,https://live.staticflickr.com/65535/49318131352_54e916cc4e_b.jpg,768,1024,https://live.staticflickr.com/65535/49318131352_9596706827_o.jpg,3456,4608,https://live.staticflickr.com/65535/49318131352_54e916cc4e_c.jpg,600,800,https://live.staticflickr.com/65535/49318131352_54e916cc4e_q.jpg,150,150,https://live.staticflickr.com/65535/49318131352_54e916cc4e_n.jpg,240,320,https://live.staticflickr.com/65535/49318131352_1b9de9c82f_k.jpg,1536,2048,https://live.staticflickr.com/65535/49318131352_184ac74218_h.jpg,1200,1600,roland,vancouver.bc.canada,vancouver 
49318131402,35034347371@N01,360cbf543d,65535,66,"",1,0,0,9,4608,3456,2020-01-02 12:13:21 -0800,2020-01-02 12:38:38 -0800,2020-01-01 19:51:47 UTC,0,0,roland,5485,6,42,rolandtanglaophoto vancouver,"",899c59ac14,jpg,49.280711,-123.079125,16,0,"",6157995,1,0,0,0,photo,ready,https://live.staticflickr.com/65535/49318131402_360cbf543d_s.jpg,75,75,https://live.staticflickr.com/65535/49318131402_360cbf543d_t.jpg,100,75,https://live.staticflickr.com/65535/49318131402_360cbf543d_m.jpg,240,180,https://live.staticflickr.com/65535/49318131402_360cbf543d.jpg,500,375,https://live.staticflickr.com/65535/49318131402_360cbf543d_z.jpg,640,480,https://live.staticflickr.com/65535/49318131402_360cbf543d_b.jpg,1024,768,https://live.staticflickr.com/65535/49318131402_899c59ac14_o.jpg,3456,4608,https://live.staticflickr.com/65535/49318131402_360cbf543d_c.jpg,800,600,https://live.staticflickr.com/65535/49318131402_360cbf543d_q.jpg,150,150,https://live.staticflickr.com/65535/49318131402_360cbf543d_n.jpg,320,240,https://live.staticflickr.com/65535/49318131402_4513922b05_k.jpg,2048,1536,https://live.staticflickr.com/65535/49318131402_21a850fb84_h.jpg,1600,1200,roland,vancouver.bc.canada,vancouver 
49317924391,35034347371@N01,84b82557f4,65535,66,"",1,0,0,9,4608,3456,2020-01-02 12:13:41 -0800,2020-01-02 12:38:38 -0800,2020-01-01 19:52:00 UTC,0,0,roland,5485,6,43,rolandtanglaophoto vancouver,"",d8bcc8d60c,jpg,49.280655,-123.079017,16,0,"",6157995,1,0,0,0,photo,ready,https://live.staticflickr.com/65535/49317924391_84b82557f4_s.jpg,75,75,https://live.staticflickr.com/65535/49317924391_84b82557f4_t.jpg,75,100,https://live.staticflickr.com/65535/49317924391_84b82557f4_m.jpg,180,240,https://live.staticflickr.com/65535/49317924391_84b82557f4.jpg,375,500,https://live.staticflickr.com/65535/49317924391_84b82557f4_z.jpg,480,640,https://live.staticflickr.com/65535/49317924391_84b82557f4_b.jpg,768,1024,https://live.staticflickr.com/65535/49317924391_d8bcc8d60c_o.jpg,3456,4608,https://live.staticflickr.com/65535/49317924391_84b82557f4_c.jpg,600,800,https://live.staticflickr.com/65535/49317924391_84b82557f4_q.jpg,150,150,https://live.staticflickr.com/65535/49317924391_84b82557f4_n.jpg,240,320,https://live.staticflickr.com/65535/49317924391_db5bbd93dd_k.jpg,1536,2048,https://live.staticflickr.com/65535/49317924391_3f3b99adb0_h.jpg,1200,1600,roland,vancouver.bc.canada,vancouver 
49317924406,35034347371@N01,cbf534b140,65535,66,"",1,0,0,9,4608,3456,2020-01-02 12:13:41 -0800,2020-01-02 12:38:37 -0800,2020-01-01 19:52:02 UTC,0,0,roland,5485,6,62,rolandtanglaophoto vancouver,"",59d5cc3c5b,jpg,49.280655,-123.079017,16,0,"",6157995,1,0,0,0,photo,ready,https://live.staticflickr.com/65535/49317924406_cbf534b140_s.jpg,75,75,https://live.staticflickr.com/65535/49317924406_cbf534b140_t.jpg,75,100,https://live.staticflickr.com/65535/49317924406_cbf534b140_m.jpg,180,240,https://live.staticflickr.com/65535/49317924406_cbf534b140.jpg,375,500,https://live.staticflickr.com/65535/49317924406_cbf534b140_z.jpg,480,640,https://live.staticflickr.com/65535/49317924406_cbf534b140_b.jpg,768,1024,https://live.staticflickr.com/65535/49317924406_59d5cc3c5b_o.jpg,3456,4608,https://live.staticflickr.com/65535/49317924406_cbf534b140_c.jpg,600,800,https://live.staticflickr.com/65535/49317924406_cbf534b140_q.jpg,150,150,https://live.staticflickr.com/65535/49317924406_cbf534b140_n.jpg,240,320,https://live.staticflickr.com/65535/49317924406_3d48dccfe2_k.jpg,1536,2048,https://live.staticflickr.com/65535/49317924406_70bf714bb1_h.jpg,1200,1600,roland,vancouver.bc.canada,vancouver 
49317427943,35034347371@N01,e635516a99,65535,66,"",1,0,0,9,4608,3456,2020-01-02 12:13:41 -0800,2020-01-02 12:38:38 -0800,2020-01-01 19:52:13 UTC,0,0,roland,5485,6,45,rolandtanglaophoto vancouver,"",0775c9ec0f,jpg,49.280655,-123.079017,16,0,"",6157995,1,0,0,0,photo,ready,https://live.staticflickr.com/65535/49317427943_e635516a99_s.jpg,75,75,https://live.staticflickr.com/65535/49317427943_e635516a99_t.jpg,75,100,https://live.staticflickr.com/65535/49317427943_e635516a99_m.jpg,180,240,https://live.staticflickr.com/65535/49317427943_e635516a99.jpg,375,500,https://live.staticflickr.com/65535/49317427943_e635516a99_z.jpg,480,640,https://live.staticflickr.com/65535/49317427943_e635516a99_b.jpg,768,1024,https://live.staticflickr.com/65535/49317427943_0775c9ec0f_o.jpg,3456,4608,https://live.staticflickr.com/65535/49317427943_e635516a99_c.jpg,600,800,https://live.staticflickr.com/65535/49317427943_e635516a99_q.jpg,150,150,https://live.staticflickr.com/65535/49317427943_e635516a99_n.jpg,240,320,https://live.staticflickr.com/65535/49317427943_b19599af19_k.jpg,1536,2048,https://live.staticflickr.com/65535/49317427943_24f71b2225_h.jpg,1200,1600,roland,vancouver.bc.canada,vancouver 
49323564117,35034347371@N01,80082bd5b9,65535,66,"",1,0,0,9,4608,3456,2020-01-03 11:00:30 -0800,2020-01-06 07:04:40 -0800,2020-01-01 19:53:08 UTC,0,0,roland,5485,6,11,rolandtanglaophoto vancouver,"",8895f89154,jpg,49.279688,-123.079212,16,0,"",6157995,1,0,0,0,photo,ready,https://live.staticflickr.com/65535/49323564117_80082bd5b9_s.jpg,75,75,https://live.staticflickr.com/65535/49323564117_80082bd5b9_t.jpg,75,100,https://live.staticflickr.com/65535/49323564117_80082bd5b9_m.jpg,180,240,https://live.staticflickr.com/65535/49323564117_80082bd5b9.jpg,375,500,https://live.staticflickr.com/65535/49323564117_80082bd5b9_z.jpg,480,640,https://live.staticflickr.com/65535/49323564117_80082bd5b9_b.jpg,768,1024,https://live.staticflickr.com/65535/49323564117_8895f89154_o.jpg,3456,4608,https://live.staticflickr.com/65535/49323564117_80082bd5b9_c.jpg,600,800,https://live.staticflickr.com/65535/49323564117_80082bd5b9_q.jpg,150,150,https://live.staticflickr.com/65535/49323564117_80082bd5b9_n.jpg,240,320,https://live.staticflickr.com/65535/49323564117_99265bbe11_k.jpg,1536,2048,https://live.staticflickr.com/65535/49323564117_eeec204774_h.jpg,1200,1600,roland,vancouver.bc.canada,samsung note 8 photo vancouver
49317924521,35034347371@N01,66d84ea186,65535,66,"",1,0,0,9,4608,3456,2020-01-02 12:13:42 -0800,2020-01-02 12:38:37 -0800,2020-01-01 19:53:08 UTC,0,0,roland,5485,6,57,rolandtanglaophoto vancouver,"",559202433b,jpg,49.279688,-123.079212,16,0,"",6157995,1,0,0,0,photo,ready,https://live.staticflickr.com/65535/49317924521_66d84ea186_s.jpg,75,75,https://live.staticflickr.com/65535/49317924521_66d84ea186_t.jpg,75,100,https://live.staticflickr.com/65535/49317924521_66d84ea186_m.jpg,180,240,https://live.staticflickr.com/65535/49317924521_66d84ea186.jpg,375,500,https://live.staticflickr.com/65535/49317924521_66d84ea186_z.jpg,480,640,https://live.staticflickr.com/65535/49317924521_66d84ea186_b.jpg,768,1024,https://live.staticflickr.com/65535/49317924521_559202433b_o.jpg,3456,4608,https://live.staticflickr.com/65535/49317924521_66d84ea186_c.jpg,600,800,https://live.staticflickr.com/65535/49317924521_66d84ea186_q.jpg,150,150,https://live.staticflickr.com/65535/49317924521_66d84ea186_n.jpg,240,320,https://live.staticflickr.com/65535/49317924521_9587565f47_k.jpg,1536,2048,https://live.staticflickr.com/65535/49317924521_629cff2a0d_h.jpg,1200,1600,roland,vancouver.bc.canada,vancouver 
49317428088,35034347371@N01,1e9c905a72,65535,66,"",1,0,0,9,4608,3456,2020-01-02 12:13:42 -0800,2020-01-02 12:38:37 -0800,2020-01-01 19:53:48 UTC,0,0,roland,5485,6,63,rolandtanglaophoto vancouver,"",a6da66bf98,jpg,49.279186,-123.079256,16,0,"",6157995,1,0,0,0,photo,ready,https://live.staticflickr.com/65535/49317428088_1e9c905a72_s.jpg,75,75,https://live.staticflickr.com/65535/49317428088_1e9c905a72_t.jpg,75,100,https://live.staticflickr.com/65535/49317428088_1e9c905a72_m.jpg,180,240,https://live.staticflickr.com/65535/49317428088_1e9c905a72.jpg,375,500,https://live.staticflickr.com/65535/49317428088_1e9c905a72_z.jpg,480,640,https://live.staticflickr.com/65535/49317428088_1e9c905a72_b.jpg,768,1024,https://live.staticflickr.com/65535/49317428088_a6da66bf98_o.jpg,3456,4608,https://live.staticflickr.com/65535/49317428088_1e9c905a72_c.jpg,600,800,https://live.staticflickr.com/65535/49317428088_1e9c905a72_q.jpg,150,150,https://live.staticflickr.com/65535/49317428088_1e9c905a72_n.jpg,240,320,https://live.staticflickr.com/65535/49317428088_0b8d7fdc7c_k.jpg,1536,2048,https://live.staticflickr.com/65535/49317428088_d068727271_h.jpg,1200,1600,roland,vancouver.bc.canada,vancouver 
49317428158,35034347371@N01,959eed3336,65535,66,"",1,0,0,9,4608,3456,2020-01-02 12:13:43 -0800,2020-01-02 12:38:36 -0800,2020-01-01 19:53:51 UTC,0,0,roland,5485,6,68,rolandtanglaophoto vancouver,"",6f84cef271,jpg,49.279186,-123.079256,16,0,"",6157995,1,0,0,0,photo,ready,https://live.staticflickr.com/65535/49317428158_959eed3336_s.jpg,75,75,https://live.staticflickr.com/65535/49317428158_959eed3336_t.jpg,75,100,https://live.staticflickr.com/65535/49317428158_959eed3336_m.jpg,180,240,https://live.staticflickr.com/65535/49317428158_959eed3336.jpg,375,500,https://live.staticflickr.com/65535/49317428158_959eed3336_z.jpg,480,640,https://live.staticflickr.com/65535/49317428158_959eed3336_b.jpg,768,1024,https://live.staticflickr.com/65535/49317428158_6f84cef271_o.jpg,3456,4608,https://live.staticflickr.com/65535/49317428158_959eed3336_c.jpg,600,800,https://live.staticflickr.com/65535/49317428158_959eed3336_q.jpg,150,150,https://live.staticflickr.com/65535/49317428158_959eed3336_n.jpg,240,320,https://live.staticflickr.com/65535/49317428158_4c2fe9e05e_k.jpg,1536,2048,https://live.staticflickr.com/65535/49317428158_935939dfbf_h.jpg,1200,1600,roland,vancouver.bc.canada,vancouver 
49318133557,35034347371@N01,edf00e3f9e,65535,66,"",1,0,0,9,4608,3456,2020-01-02 12:13:43 -0800,2020-01-02 12:38:35 -0800,2020-01-01 19:54:12 UTC,0,0,roland,5485,6,56,rolandtanglaophoto vancouver,"",e0171089a7,jpg,49.278991,-123.079181,16,0,"",6157995,1,0,0,0,photo,ready,https://live.staticflickr.com/65535/49318133557_edf00e3f9e_s.jpg,75,75,https://live.staticflickr.com/65535/49318133557_edf00e3f9e_t.jpg,100,75,https://live.staticflickr.com/65535/49318133557_edf00e3f9e_m.jpg,240,180,https://live.staticflickr.com/65535/49318133557_edf00e3f9e.jpg,500,375,https://live.staticflickr.com/65535/49318133557_edf00e3f9e_z.jpg,640,480,https://live.staticflickr.com/65535/49318133557_edf00e3f9e_b.jpg,1024,768,https://live.staticflickr.com/65535/49318133557_e0171089a7_o.jpg,3456,4608,https://live.staticflickr.com/65535/49318133557_edf00e3f9e_c.jpg,800,600,https://live.staticflickr.com/65535/49318133557_edf00e3f9e_q.jpg,150,150,https://live.staticflickr.com/65535/49318133557_edf00e3f9e_n.jpg,320,240,https://live.staticflickr.com/65535/49318133557_942e5f04c5_k.jpg,2048,1536,https://live.staticflickr.com/65535/49318133557_59753f963c_h.jpg,1600,1200,roland,vancouver.bc.canada,vancouver 
49317428163,35034347371@N01,cbe6653581,65535,66,"",1,0,0,9,4608,3456,2020-01-02 12:13:43 -0800,2020-01-02 12:38:36 -0800,2020-01-01 19:55:01 UTC,0,0,roland,5485,6,61,rolandtanglaophoto vancouver,"",000dab08de,jpg,49.278372,-123.079178,16,0,"",6157995,1,0,0,0,photo,ready,https://live.staticflickr.com/65535/49317428163_cbe6653581_s.jpg,75,75,https://live.staticflickr.com/65535/49317428163_cbe6653581_t.jpg,100,75,https://live.staticflickr.com/65535/49317428163_cbe6653581_m.jpg,240,180,https://live.staticflickr.com/65535/49317428163_cbe6653581.jpg,500,375,https://live.staticflickr.com/65535/49317428163_cbe6653581_z.jpg,640,480,https://live.staticflickr.com/65535/49317428163_cbe6653581_b.jpg,1024,768,https://live.staticflickr.com/65535/49317428163_000dab08de_o.jpg,3456,4608,https://live.staticflickr.com/65535/49317428163_cbe6653581_c.jpg,800,600,https://live.staticflickr.com/65535/49317428163_cbe6653581_q.jpg,150,150,https://live.staticflickr.com/65535/49317428163_cbe6653581_n.jpg,320,240,https://live.staticflickr.com/65535/49317428163_dc55e9d74e_k.jpg,2048,1536,https://live.staticflickr.com/65535/49317428163_00043bc2c1_h.jpg,1600,1200,roland,vancouver.bc.canada,vancouver 
49318137712,35034347371@N01,544897a6ed,65535,66,"",1,0,0,9,4608,3456,2020-01-02 12:14:25 -0800,2020-01-02 12:38:22 -0800,2020-01-01 19:57:47 UTC,0,0,roland,5485,6,61,rolandtanglaophoto vancouver,"",825d806a69,jpg,49.277713,-123.077345,16,0,"",6157995,1,0,0,0,photo,ready,https://live.staticflickr.com/65535/49318137712_544897a6ed_s.jpg,75,75,https://live.staticflickr.com/65535/49318137712_544897a6ed_t.jpg,75,100,https://live.staticflickr.com/65535/49318137712_544897a6ed_m.jpg,180,240,https://live.staticflickr.com/65535/49318137712_544897a6ed.jpg,375,500,https://live.staticflickr.com/65535/49318137712_544897a6ed_z.jpg,480,640,https://live.staticflickr.com/65535/49318137712_544897a6ed_b.jpg,768,1024,https://live.staticflickr.com/65535/49318137712_825d806a69_o.jpg,3456,4608,https://live.staticflickr.com/65535/49318137712_544897a6ed_c.jpg,600,800,https://live.staticflickr.com/65535/49318137712_544897a6ed_q.jpg,150,150,https://live.staticflickr.com/65535/49318137712_544897a6ed_n.jpg,240,320,https://live.staticflickr.com/65535/49318137712_475fe89791_k.jpg,1536,2048,https://live.staticflickr.com/65535/49318137712_7ff0d44a93_h.jpg,1200,1600,roland,vancouver.bc.canada,vancouver 
49317928336,35034347371@N01,6079911a84,65535,66,"",1,0,0,9,4608,3456,2020-01-02 12:14:25 -0800,2020-01-02 12:38:23 -0800,2020-01-01 20:02:38 UTC,0,0,roland,5485,6,63,rolandtanglaophoto vancouver,"",4c3a024fa0,jpg,49.277641,-123.072131,16,0,"",5964731,1,0,0,0,photo,ready,https://live.staticflickr.com/65535/49317928336_6079911a84_s.jpg,75,75,https://live.staticflickr.com/65535/49317928336_6079911a84_t.jpg,75,100,https://live.staticflickr.com/65535/49317928336_6079911a84_m.jpg,180,240,https://live.staticflickr.com/65535/49317928336_6079911a84.jpg,375,500,https://live.staticflickr.com/65535/49317928336_6079911a84_z.jpg,480,640,https://live.staticflickr.com/65535/49317928336_6079911a84_b.jpg,768,1024,https://live.staticflickr.com/65535/49317928336_4c3a024fa0_o.jpg,3456,4608,https://live.staticflickr.com/65535/49317928336_6079911a84_c.jpg,600,800,https://live.staticflickr.com/65535/49317928336_6079911a84_q.jpg,150,150,https://live.staticflickr.com/65535/49317928336_6079911a84_n.jpg,240,320,https://live.staticflickr.com/65535/49317928336_d0c60c1cc2_k.jpg,1536,2048,https://live.staticflickr.com/65535/49317928336_8f4112049e_h.jpg,1200,1600,roland,vancouver.bc.canada,vancouver 
49317928401,35034347371@N01,8d174c25f5,65535,66,"",1,0,0,9,4608,3456,2020-01-02 12:14:25 -0800,2020-01-02 12:38:22 -0800,2020-01-01 20:02:56 UTC,0,0,roland,5485,6,69,rolandtanglaophoto vancouver,"",e4fd1a0e00,jpg,49.277661,-123.071848,16,0,"",5964731,1,0,0,0,photo,ready,https://live.staticflickr.com/65535/49317928401_8d174c25f5_s.jpg,75,75,https://live.staticflickr.com/65535/49317928401_8d174c25f5_t.jpg,75,100,https://live.staticflickr.com/65535/49317928401_8d174c25f5_m.jpg,180,240,https://live.staticflickr.com/65535/49317928401_8d174c25f5.jpg,375,500,https://live.staticflickr.com/65535/49317928401_8d174c25f5_z.jpg,480,640,https://live.staticflickr.com/65535/49317928401_8d174c25f5_b.jpg,768,1024,https://live.staticflickr.com/65535/49317928401_e4fd1a0e00_o.jpg,3456,4608,https://live.staticflickr.com/65535/49317928401_8d174c25f5_c.jpg,600,800,https://live.staticflickr.com/65535/49317928401_8d174c25f5_q.jpg,150,150,https://live.staticflickr.com/65535/49317928401_8d174c25f5_n.jpg,240,320,https://live.staticflickr.com/65535/49317928401_012cc5ac35_k.jpg,1536,2048,https://live.staticflickr.com/65535/49317928401_336ebf8d89_h.jpg,1200,1600,roland,vancouver.bc.canada,vancouver 
49317432063,35034347371@N01,81143ae927,65535,66,"",1,0,0,9,4608,3456,2020-01-02 12:14:24 -0800,2020-01-02 12:38:23 -0800,2020-01-01 20:03:21 UTC,0,0,roland,5485,6,64,rolandtanglaophoto vancouver,"",0777481c0f,jpg,49.277611,-123.071431,16,0,"",5964731,1,0,0,0,photo,ready,https://live.staticflickr.com/65535/49317432063_81143ae927_s.jpg,75,75,https://live.staticflickr.com/65535/49317432063_81143ae927_t.jpg,75,100,https://live.staticflickr.com/65535/49317432063_81143ae927_m.jpg,180,240,https://live.staticflickr.com/65535/49317432063_81143ae927.jpg,375,500,https://live.staticflickr.com/65535/49317432063_81143ae927_z.jpg,480,640,https://live.staticflickr.com/65535/49317432063_81143ae927_b.jpg,768,1024,https://live.staticflickr.com/65535/49317432063_0777481c0f_o.jpg,3456,4608,https://live.staticflickr.com/65535/49317432063_81143ae927_c.jpg,600,800,https://live.staticflickr.com/65535/49317432063_81143ae927_q.jpg,150,150,https://live.staticflickr.com/65535/49317432063_81143ae927_n.jpg,240,320,https://live.staticflickr.com/65535/49317432063_5e919c1e54_k.jpg,1536,2048,https://live.staticflickr.com/65535/49317432063_d50b0492d1_h.jpg,1200,1600,roland,vancouver.bc.canada,vancouver 
49317431763,35034347371@N01,a969c2159b,65535,66,"",1,0,0,9,4608,3456,2020-01-02 12:14:22 -0800,2020-01-02 12:38:24 -0800,2020-01-01 20:03:27 UTC,0,0,roland,5485,6,65,rolandtanglaophoto vancouver,"",d71f3ec2d1,jpg,49.277611,-123.071431,16,0,"",5964731,1,0,0,0,photo,ready,https://live.staticflickr.com/65535/49317431763_a969c2159b_s.jpg,75,75,https://live.staticflickr.com/65535/49317431763_a969c2159b_t.jpg,75,100,https://live.staticflickr.com/65535/49317431763_a969c2159b_m.jpg,180,240,https://live.staticflickr.com/65535/49317431763_a969c2159b.jpg,375,500,https://live.staticflickr.com/65535/49317431763_a969c2159b_z.jpg,480,640,https://live.staticflickr.com/65535/49317431763_a969c2159b_b.jpg,768,1024,https://live.staticflickr.com/65535/49317431763_d71f3ec2d1_o.jpg,3456,4608,https://live.staticflickr.com/65535/49317431763_a969c2159b_c.jpg,600,800,https://live.staticflickr.com/65535/49317431763_a969c2159b_q.jpg,150,150,https://live.staticflickr.com/65535/49317431763_a969c2159b_n.jpg,240,320,https://live.staticflickr.com/65535/49317431763_f3f64bb421_k.jpg,1536,2048,https://live.staticflickr.com/65535/49317431763_66c990adba_h.jpg,1200,1600,roland,vancouver.bc.canada,vancouver 
49318137737,35034347371@N01,39b190da65,65535,66,"",1,0,0,9,4608,3456,2020-01-02 12:14:25 -0800,2020-01-02 12:38:22 -0800,2020-01-01 20:03:38 UTC,0,0,roland,5485,6,46,rolandtanglaophoto vancouver,"",2084a9393c,jpg,49.277611,-123.071295,16,0,"",5964731,1,0,0,0,photo,ready,https://live.staticflickr.com/65535/49318137737_39b190da65_s.jpg,75,75,https://live.staticflickr.com/65535/49318137737_39b190da65_t.jpg,75,100,https://live.staticflickr.com/65535/49318137737_39b190da65_m.jpg,180,240,https://live.staticflickr.com/65535/49318137737_39b190da65.jpg,375,500,https://live.staticflickr.com/65535/49318137737_39b190da65_z.jpg,480,640,https://live.staticflickr.com/65535/49318137737_39b190da65_b.jpg,768,1024,https://live.staticflickr.com/65535/49318137737_2084a9393c_o.jpg,3456,4608,https://live.staticflickr.com/65535/49318137737_39b190da65_c.jpg,600,800,https://live.staticflickr.com/65535/49318137737_39b190da65_q.jpg,150,150,https://live.staticflickr.com/65535/49318137737_39b190da65_n.jpg,240,320,https://live.staticflickr.com/65535/49318137737_f9e68647ee_k.jpg,1536,2048,https://live.staticflickr.com/65535/49318137737_596ae09d28_h.jpg,1200,1600,roland,vancouver.bc.canada,vancouver 
49318137647,35034347371@N01,17e6721143,65535,66,"",1,0,0,9,4608,3456,2020-01-02 12:14:24 -0800,2020-01-02 12:38:23 -0800,2020-01-01 20:05:00 UTC,0,0,roland,5485,6,60,rolandtanglaophoto vancouver,"",96ff02da76,jpg,49.277313,-123.070128,16,0,"",5964731,1,0,0,0,photo,ready,https://live.staticflickr.com/65535/49318137647_17e6721143_s.jpg,75,75,https://live.staticflickr.com/65535/49318137647_17e6721143_t.jpg,75,100,https://live.staticflickr.com/65535/49318137647_17e6721143_m.jpg,180,240,https://live.staticflickr.com/65535/49318137647_17e6721143.jpg,375,500,https://live.staticflickr.com/65535/49318137647_17e6721143_z.jpg,480,640,https://live.staticflickr.com/65535/49318137647_17e6721143_b.jpg,768,1024,https://live.staticflickr.com/65535/49318137647_96ff02da76_o.jpg,3456,4608,https://live.staticflickr.com/65535/49318137647_17e6721143_c.jpg,600,800,https://live.staticflickr.com/65535/49318137647_17e6721143_q.jpg,150,150,https://live.staticflickr.com/65535/49318137647_17e6721143_n.jpg,240,320,https://live.staticflickr.com/65535/49318137647_66578f6604_k.jpg,1536,2048,https://live.staticflickr.com/65535/49318137647_2a6e8fd1c5_h.jpg,1200,1600,roland,vancouver.bc.canada,vancouver 
49317439478,35034347371@N01,45d7d9c15f,65535,66,"",1,0,0,9,4608,3456,2020-01-02 12:15:46 -0800,2020-01-02 12:38:20 -0800,2020-01-01 20:05:21 UTC,0,0,roland,5485,6,55,rolandtanglaophoto vancouver,"",17dd4d4bd5,jpg,49.277172,-123.069950,16,0,"",5964731,1,0,0,0,photo,ready,https://live.staticflickr.com/65535/49317439478_45d7d9c15f_s.jpg,75,75,https://live.staticflickr.com/65535/49317439478_45d7d9c15f_t.jpg,75,100,https://live.staticflickr.com/65535/49317439478_45d7d9c15f_m.jpg,180,240,https://live.staticflickr.com/65535/49317439478_45d7d9c15f.jpg,375,500,https://live.staticflickr.com/65535/49317439478_45d7d9c15f_z.jpg,480,640,https://live.staticflickr.com/65535/49317439478_45d7d9c15f_b.jpg,768,1024,https://live.staticflickr.com/65535/49317439478_17dd4d4bd5_o.jpg,3456,4608,https://live.staticflickr.com/65535/49317439478_45d7d9c15f_c.jpg,600,800,https://live.staticflickr.com/65535/49317439478_45d7d9c15f_q.jpg,150,150,https://live.staticflickr.com/65535/49317439478_45d7d9c15f_n.jpg,240,320,https://live.staticflickr.com/65535/49317439478_742e03139a_k.jpg,1536,2048,https://live.staticflickr.com/65535/49317439478_2769a8bf95_h.jpg,1200,1600,roland,vancouver.bc.canada,vancouver 
49318144982,35034347371@N01,07f39a1a6b,65535,66,"",1,0,0,9,4608,3456,2020-01-02 12:15:46 -0800,2020-01-02 12:38:19 -0800,2020-01-01 20:18:56 UTC,0,0,roland,5485,6,63,rolandtanglaophoto vancouver,"",ea9ecc66c4,jpg,49.267302,-123.069925,16,0,"",5964731,1,0,0,0,photo,ready,https://live.staticflickr.com/65535/49318144982_07f39a1a6b_s.jpg,75,75,https://live.staticflickr.com/65535/49318144982_07f39a1a6b_t.jpg,75,100,https://live.staticflickr.com/65535/49318144982_07f39a1a6b_m.jpg,180,240,https://live.staticflickr.com/65535/49318144982_07f39a1a6b.jpg,375,500,https://live.staticflickr.com/65535/49318144982_07f39a1a6b_z.jpg,480,640,https://live.staticflickr.com/65535/49318144982_07f39a1a6b_b.jpg,768,1024,https://live.staticflickr.com/65535/49318144982_ea9ecc66c4_o.jpg,3456,4608,https://live.staticflickr.com/65535/49318144982_07f39a1a6b_c.jpg,600,800,https://live.staticflickr.com/65535/49318144982_07f39a1a6b_q.jpg,150,150,https://live.staticflickr.com/65535/49318144982_07f39a1a6b_n.jpg,240,320,https://live.staticflickr.com/65535/49318144982_8334bfcf65_k.jpg,1536,2048,https://live.staticflickr.com/65535/49318144982_3e942c2692_h.jpg,1200,1600,roland,vancouver.bc.canada,vancouver 
49317935921,35034347371@N01,15ba55102b,65535,66,"",1,0,0,9,4608,3456,2020-01-02 12:15:47 -0800,2020-01-02 12:38:19 -0800,2020-01-01 20:20:54 UTC,0,0,roland,5485,6,64,rolandtanglaophoto vancouver,"",e3a044e0c1,jpg,49.265738,-123.069881,16,0,"",5991085,1,0,0,0,photo,ready,https://live.staticflickr.com/65535/49317935921_15ba55102b_s.jpg,75,75,https://live.staticflickr.com/65535/49317935921_15ba55102b_t.jpg,75,100,https://live.staticflickr.com/65535/49317935921_15ba55102b_m.jpg,180,240,https://live.staticflickr.com/65535/49317935921_15ba55102b.jpg,375,500,https://live.staticflickr.com/65535/49317935921_15ba55102b_z.jpg,480,640,https://live.staticflickr.com/65535/49317935921_15ba55102b_b.jpg,768,1024,https://live.staticflickr.com/65535/49317935921_e3a044e0c1_o.jpg,3456,4608,https://live.staticflickr.com/65535/49317935921_15ba55102b_c.jpg,600,800,https://live.staticflickr.com/65535/49317935921_15ba55102b_q.jpg,150,150,https://live.staticflickr.com/65535/49317935921_15ba55102b_n.jpg,240,320,https://live.staticflickr.com/65535/49317935921_9cf6ae75cb_k.jpg,1536,2048,https://live.staticflickr.com/65535/49317935921_0ba7c2b6b5_h.jpg,1200,1600,roland,vancouver.bc.canada,vancouver 
49317935696,35034347371@N01,6f8c7f74e7,65535,66,"",1,0,0,9,4608,3456,2020-01-02 12:15:45 -0800,2020-01-02 12:38:21 -0800,2020-01-01 20:21:16 UTC,0,0,roland,5485,6,63,rolandtanglaophoto vancouver,"",6614bfdabe,jpg,49.265450,-123.069889,16,0,"",5991085,1,0,0,0,photo,ready,https://live.staticflickr.com/65535/49317935696_6f8c7f74e7_s.jpg,75,75,https://live.staticflickr.com/65535/49317935696_6f8c7f74e7_t.jpg,75,100,https://live.staticflickr.com/65535/49317935696_6f8c7f74e7_m.jpg,180,240,https://live.staticflickr.com/65535/49317935696_6f8c7f74e7.jpg,375,500,https://live.staticflickr.com/65535/49317935696_6f8c7f74e7_z.jpg,480,640,https://live.staticflickr.com/65535/49317935696_6f8c7f74e7_b.jpg,768,1024,https://live.staticflickr.com/65535/49317935696_6614bfdabe_o.jpg,3456,4608,https://live.staticflickr.com/65535/49317935696_6f8c7f74e7_c.jpg,600,800,https://live.staticflickr.com/65535/49317935696_6f8c7f74e7_q.jpg,150,150,https://live.staticflickr.com/65535/49317935696_6f8c7f74e7_n.jpg,240,320,https://live.staticflickr.com/65535/49317935696_76f8cc6f7d_k.jpg,1536,2048,https://live.staticflickr.com/65535/49317935696_b4986a47d7_h.jpg,1200,1600,roland,vancouver.bc.canada,vancouver 
49317439378,35034347371@N01,2124c86dbd,65535,66,"",1,0,0,9,4608,3456,2020-01-02 12:15:45 -0800,2020-01-02 12:38:22 -0800,2020-01-01 20:22:45 UTC,0,0,roland,5485,6,64,rolandtanglaophoto vancouver,"",78cd9523c0,jpg,49.264319,-123.069859,16,0,"",5991085,1,0,0,0,photo,ready,https://live.staticflickr.com/65535/49317439378_2124c86dbd_s.jpg,75,75,https://live.staticflickr.com/65535/49317439378_2124c86dbd_t.jpg,75,100,https://live.staticflickr.com/65535/49317439378_2124c86dbd_m.jpg,180,240,https://live.staticflickr.com/65535/49317439378_2124c86dbd.jpg,375,500,https://live.staticflickr.com/65535/49317439378_2124c86dbd_z.jpg,480,640,https://live.staticflickr.com/65535/49317439378_2124c86dbd_b.jpg,768,1024,https://live.staticflickr.com/65535/49317439378_78cd9523c0_o.jpg,3456,4608,https://live.staticflickr.com/65535/49317439378_2124c86dbd_c.jpg,600,800,https://live.staticflickr.com/65535/49317439378_2124c86dbd_q.jpg,150,150,https://live.staticflickr.com/65535/49317439378_2124c86dbd_n.jpg,240,320,https://live.staticflickr.com/65535/49317439378_15a2297239_k.jpg,1536,2048,https://live.staticflickr.com/65535/49317439378_95c9f14a28_h.jpg,1200,1600,roland,vancouver.bc.canada,vancouver 
49318144977,35034347371@N01,59e6163417,65535,66,"",1,0,0,9,4608,3456,2020-01-02 12:15:46 -0800,2020-01-02 12:38:20 -0800,2020-01-01 20:22:47 UTC,0,0,roland,5485,6,60,rolandtanglaophoto vancouver,"",1d1cb05221,jpg,49.264319,-123.069859,16,0,"",5991085,1,0,0,0,photo,ready,https://live.staticflickr.com/65535/49318144977_59e6163417_s.jpg,75,75,https://live.staticflickr.com/65535/49318144977_59e6163417_t.jpg,75,100,https://live.staticflickr.com/65535/49318144977_59e6163417_m.jpg,180,240,https://live.staticflickr.com/65535/49318144977_59e6163417.jpg,375,500,https://live.staticflickr.com/65535/49318144977_59e6163417_z.jpg,480,640,https://live.staticflickr.com/65535/49318144977_59e6163417_b.jpg,768,1024,https://live.staticflickr.com/65535/49318144977_1d1cb05221_o.jpg,3456,4608,https://live.staticflickr.com/65535/49318144977_59e6163417_c.jpg,600,800,https://live.staticflickr.com/65535/49318144977_59e6163417_q.jpg,150,150,https://live.staticflickr.com/65535/49318144977_59e6163417_n.jpg,240,320,https://live.staticflickr.com/65535/49318144977_32c0d5b398_k.jpg,1536,2048,https://live.staticflickr.com/65535/49318144977_e7416b523e_h.jpg,1200,1600,roland,vancouver.bc.canada,vancouver 
49317935776,35034347371@N01,3aacbb7e6e,65535,66,"",1,0,0,9,4608,3456,2020-01-02 12:15:45 -0800,2020-01-02 12:38:20 -0800,2020-01-01 20:23:38 UTC,0,0,roland,5485,6,61,rolandtanglaophoto vancouver,"",6e43714e3d,jpg,49.263850,-123.069914,16,0,"",5991085,1,0,0,0,photo,ready,https://live.staticflickr.com/65535/49317935776_3aacbb7e6e_s.jpg,75,75,https://live.staticflickr.com/65535/49317935776_3aacbb7e6e_t.jpg,75,100,https://live.staticflickr.com/65535/49317935776_3aacbb7e6e_m.jpg,180,240,https://live.staticflickr.com/65535/49317935776_3aacbb7e6e.jpg,375,500,https://live.staticflickr.com/65535/49317935776_3aacbb7e6e_z.jpg,480,640,https://live.staticflickr.com/65535/49317935776_3aacbb7e6e_b.jpg,768,1024,https://live.staticflickr.com/65535/49317935776_6e43714e3d_o.jpg,3456,4608,https://live.staticflickr.com/65535/49317935776_3aacbb7e6e_c.jpg,600,800,https://live.staticflickr.com/65535/49317935776_3aacbb7e6e_q.jpg,150,150,https://live.staticflickr.com/65535/49317935776_3aacbb7e6e_n.jpg,240,320,https://live.staticflickr.com/65535/49317935776_b84bfa749e_k.jpg,1536,2048,https://live.staticflickr.com/65535/49317935776_45d2884074_h.jpg,1200,1600,roland,vancouver.bc.canada,vancouver 
49317439428,35034347371@N01,ac81d3c3c3,65535,66,"",1,0,0,9,4608,3456,2020-01-02 12:15:45 -0800,2020-01-02 12:38:21 -0800,2020-01-01 20:23:56 UTC,0,0,roland,5485,6,62,rolandtanglaophoto vancouver,"",1cef5e271d,jpg,49.263544,-123.069931,16,0,"",5991085,1,0,0,0,photo,ready,https://live.staticflickr.com/65535/49317439428_ac81d3c3c3_s.jpg,75,75,https://live.staticflickr.com/65535/49317439428_ac81d3c3c3_t.jpg,75,100,https://live.staticflickr.com/65535/49317439428_ac81d3c3c3_m.jpg,180,240,https://live.staticflickr.com/65535/49317439428_ac81d3c3c3.jpg,375,500,https://live.staticflickr.com/65535/49317439428_ac81d3c3c3_z.jpg,480,640,https://live.staticflickr.com/65535/49317439428_ac81d3c3c3_b.jpg,768,1024,https://live.staticflickr.com/65535/49317439428_1cef5e271d_o.jpg,3456,4608,https://live.staticflickr.com/65535/49317439428_ac81d3c3c3_c.jpg,600,800,https://live.staticflickr.com/65535/49317439428_ac81d3c3c3_q.jpg,150,150,https://live.staticflickr.com/65535/49317439428_ac81d3c3c3_n.jpg,240,320,https://live.staticflickr.com/65535/49317439428_c5d6b48795_k.jpg,1536,2048,https://live.staticflickr.com/65535/49317439428_5bcc441022_h.jpg,1200,1600,roland,vancouver.bc.canada,vancouver 
49317441838,35034347371@N01,28cf919611,65535,66,"",1,0,0,9,4608,3456,2020-01-02 12:16:17 -0800,2020-01-02 12:38:19 -0800,2020-01-01 20:23:58 UTC,0,0,roland,5485,6,61,rolandtanglaophoto vancouver,"",879115bdcc,jpg,49.263544,-123.069931,16,0,"",5991085,1,0,0,0,photo,ready,https://live.staticflickr.com/65535/49317441838_28cf919611_s.jpg,75,75,https://live.staticflickr.com/65535/49317441838_28cf919611_t.jpg,75,100,https://live.staticflickr.com/65535/49317441838_28cf919611_m.jpg,180,240,https://live.staticflickr.com/65535/49317441838_28cf919611.jpg,375,500,https://live.staticflickr.com/65535/49317441838_28cf919611_z.jpg,480,640,https://live.staticflickr.com/65535/49317441838_28cf919611_b.jpg,768,1024,https://live.staticflickr.com/65535/49317441838_879115bdcc_o.jpg,3456,4608,https://live.staticflickr.com/65535/49317441838_28cf919611_c.jpg,600,800,https://live.staticflickr.com/65535/49317441838_28cf919611_q.jpg,150,150,https://live.staticflickr.com/65535/49317441838_28cf919611_n.jpg,240,320,https://live.staticflickr.com/65535/49317441838_1dd7b3ad3e_k.jpg,1536,2048,https://live.staticflickr.com/65535/49317441838_ea14432a22_h.jpg,1200,1600,roland,vancouver.bc.canada,vancouver 
49317938461,35034347371@N01,4e0a736e45,65535,66,"",1,0,0,9,4608,3456,2020-01-02 12:16:19 -0800,2020-01-02 12:38:18 -0800,2020-01-01 20:23:59 UTC,0,0,roland,5485,6,46,rolandtanglaophoto vancouver,"",69d05653cf,jpg,49.263544,-123.069931,16,0,"",5991085,1,0,0,0,photo,ready,https://live.staticflickr.com/65535/49317938461_4e0a736e45_s.jpg,75,75,https://live.staticflickr.com/65535/49317938461_4e0a736e45_t.jpg,75,100,https://live.staticflickr.com/65535/49317938461_4e0a736e45_m.jpg,180,240,https://live.staticflickr.com/65535/49317938461_4e0a736e45.jpg,375,500,https://live.staticflickr.com/65535/49317938461_4e0a736e45_z.jpg,480,640,https://live.staticflickr.com/65535/49317938461_4e0a736e45_b.jpg,768,1024,https://live.staticflickr.com/65535/49317938461_69d05653cf_o.jpg,3456,4608,https://live.staticflickr.com/65535/49317938461_4e0a736e45_c.jpg,600,800,https://live.staticflickr.com/65535/49317938461_4e0a736e45_q.jpg,150,150,https://live.staticflickr.com/65535/49317938461_4e0a736e45_n.jpg,240,320,https://live.staticflickr.com/65535/49317938461_bffc6c5598_k.jpg,1536,2048,https://live.staticflickr.com/65535/49317938461_725a1cf917_h.jpg,1200,1600,roland,vancouver.bc.canada,vancouver 
49317442133,35034347371@N01,23f756d616,65535,66,"",1,0,0,9,4608,3456,2020-01-02 12:16:20 -0800,2020-01-02 12:38:18 -0800,2020-01-01 20:24:01 UTC,0,0,roland,5485,6,58,rolandtanglaophoto vancouver,"",f8706f6772,jpg,49.263544,-123.069931,16,0,"",5991085,1,0,0,0,photo,ready,https://live.staticflickr.com/65535/49317442133_23f756d616_s.jpg,75,75,https://live.staticflickr.com/65535/49317442133_23f756d616_t.jpg,75,100,https://live.staticflickr.com/65535/49317442133_23f756d616_m.jpg,180,240,https://live.staticflickr.com/65535/49317442133_23f756d616.jpg,375,500,https://live.staticflickr.com/65535/49317442133_23f756d616_z.jpg,480,640,https://live.staticflickr.com/65535/49317442133_23f756d616_b.jpg,768,1024,https://live.staticflickr.com/65535/49317442133_f8706f6772_o.jpg,3456,4608,https://live.staticflickr.com/65535/49317442133_23f756d616_c.jpg,600,800,https://live.staticflickr.com/65535/49317442133_23f756d616_q.jpg,150,150,https://live.staticflickr.com/65535/49317442133_23f756d616_n.jpg,240,320,https://live.staticflickr.com/65535/49317442133_0f2637ac6f_k.jpg,1536,2048,https://live.staticflickr.com/65535/49317442133_889996f23b_h.jpg,1200,1600,roland,vancouver.bc.canada,vancouver 
49317442028,35034347371@N01,7ca72e2100,65535,66,"",1,0,0,9,4608,3456,2020-01-02 12:16:19 -0800,2020-01-02 12:38:18 -0800,2020-01-01 20:24:01 UTC,0,0,roland,5485,6,64,rolandtanglaophoto vancouver,"",63e6a96a02,jpg,49.263544,-123.069931,16,0,"",5991085,1,0,0,0,photo,ready,https://live.staticflickr.com/65535/49317442028_7ca72e2100_s.jpg,75,75,https://live.staticflickr.com/65535/49317442028_7ca72e2100_t.jpg,75,100,https://live.staticflickr.com/65535/49317442028_7ca72e2100_m.jpg,180,240,https://live.staticflickr.com/65535/49317442028_7ca72e2100.jpg,375,500,https://live.staticflickr.com/65535/49317442028_7ca72e2100_z.jpg,480,640,https://live.staticflickr.com/65535/49317442028_7ca72e2100_b.jpg,768,1024,https://live.staticflickr.com/65535/49317442028_63e6a96a02_o.jpg,3456,4608,https://live.staticflickr.com/65535/49317442028_7ca72e2100_c.jpg,600,800,https://live.staticflickr.com/65535/49317442028_7ca72e2100_q.jpg,150,150,https://live.staticflickr.com/65535/49317442028_7ca72e2100_n.jpg,240,320,https://live.staticflickr.com/65535/49317442028_0339ce77da_k.jpg,1536,2048,https://live.staticflickr.com/65535/49317442028_30d9512a22_h.jpg,1200,1600,roland,vancouver.bc.canada,vancouver 
49318147842,35034347371@N01,0669e3feb2,65535,66,"",1,0,0,9,4608,3456,2020-01-02 12:16:20 -0800,2020-01-02 12:38:17 -0800,2020-01-01 20:33:49 UTC,0,0,roland,5485,6,70,rolandtanglaophoto vancouver,"",417372d625,jpg,49.256575,-123.070187,16,0,"",5991085,1,0,0,0,photo,ready,https://live.staticflickr.com/65535/49318147842_0669e3feb2_s.jpg,75,75,https://live.staticflickr.com/65535/49318147842_0669e3feb2_t.jpg,75,100,https://live.staticflickr.com/65535/49318147842_0669e3feb2_m.jpg,180,240,https://live.staticflickr.com/65535/49318147842_0669e3feb2.jpg,375,500,https://live.staticflickr.com/65535/49318147842_0669e3feb2_z.jpg,480,640,https://live.staticflickr.com/65535/49318147842_0669e3feb2_b.jpg,768,1024,https://live.staticflickr.com/65535/49318147842_417372d625_o.jpg,3456,4608,https://live.staticflickr.com/65535/49318147842_0669e3feb2_c.jpg,600,800,https://live.staticflickr.com/65535/49318147842_0669e3feb2_q.jpg,150,150,https://live.staticflickr.com/65535/49318147842_0669e3feb2_n.jpg,240,320,https://live.staticflickr.com/65535/49318147842_5d158f01d1_k.jpg,1536,2048,https://live.staticflickr.com/65535/49318147842_d93ba394e8_h.jpg,1200,1600,roland,vancouver.bc.canada,vancouver 
49318147767,35034347371@N01,e7aef3bc6c,65535,66,"",1,0,0,9,4608,3456,2020-01-02 12:16:20 -0800,2020-01-02 12:38:17 -0800,2020-01-01 20:34:45 UTC,0,0,roland,5485,6,71,rolandtanglaophoto vancouver,"",6d2d73dce6,jpg,49.256575,-123.070187,16,0,"",5991085,1,0,0,0,photo,ready,https://live.staticflickr.com/65535/49318147767_e7aef3bc6c_s.jpg,75,75,https://live.staticflickr.com/65535/49318147767_e7aef3bc6c_t.jpg,75,100,https://live.staticflickr.com/65535/49318147767_e7aef3bc6c_m.jpg,180,240,https://live.staticflickr.com/65535/49318147767_e7aef3bc6c.jpg,375,500,https://live.staticflickr.com/65535/49318147767_e7aef3bc6c_z.jpg,480,640,https://live.staticflickr.com/65535/49318147767_e7aef3bc6c_b.jpg,768,1024,https://live.staticflickr.com/65535/49318147767_6d2d73dce6_o.jpg,3456,4608,https://live.staticflickr.com/65535/49318147767_e7aef3bc6c_c.jpg,600,800,https://live.staticflickr.com/65535/49318147767_e7aef3bc6c_q.jpg,150,150,https://live.staticflickr.com/65535/49318147767_e7aef3bc6c_n.jpg,240,320,https://live.staticflickr.com/65535/49318147767_355ba24fc0_k.jpg,1536,2048,https://live.staticflickr.com/65535/49318147767_b5e88818c9_h.jpg,1200,1600,roland,vancouver.bc.canada,vancouver 
49317442023,35034347371@N01,5e7803252d,65535,66,"",1,0,0,9,4608,3456,2020-01-02 12:16:19 -0800,2020-01-02 12:38:19 -0800,2020-01-01 20:34:46 UTC,0,0,roland,5485,6,67,rolandtanglaophoto vancouver,"",796d95b7a0,jpg,49.256575,-123.070187,16,0,"",5991085,1,0,0,0,photo,ready,https://live.staticflickr.com/65535/49317442023_5e7803252d_s.jpg,75,75,https://live.staticflickr.com/65535/49317442023_5e7803252d_t.jpg,75,100,https://live.staticflickr.com/65535/49317442023_5e7803252d_m.jpg,180,240,https://live.staticflickr.com/65535/49317442023_5e7803252d.jpg,375,500,https://live.staticflickr.com/65535/49317442023_5e7803252d_z.jpg,480,640,https://live.staticflickr.com/65535/49317442023_5e7803252d_b.jpg,768,1024,https://live.staticflickr.com/65535/49317442023_796d95b7a0_o.jpg,3456,4608,https://live.staticflickr.com/65535/49317442023_5e7803252d_c.jpg,600,800,https://live.staticflickr.com/65535/49317442023_5e7803252d_q.jpg,150,150,https://live.staticflickr.com/65535/49317442023_5e7803252d_n.jpg,240,320,https://live.staticflickr.com/65535/49317442023_3076a0d083_k.jpg,1536,2048,https://live.staticflickr.com/65535/49317442023_40fc4786a9_h.jpg,1200,1600,roland,vancouver.bc.canada,vancouver 
49318147757,35034347371@N01,01b3aee2b1,65535,66,"",1,0,0,9,4608,3456,2020-01-02 12:16:20 -0800,2020-01-02 12:38:17 -0800,2020-01-01 20:34:47 UTC,0,0,roland,5485,6,47,rolandtanglaophoto vancouver,"",e6799fbdbb,jpg,49.256575,-123.070187,16,0,"",5991085,1,0,0,0,photo,ready,https://live.staticflickr.com/65535/49318147757_01b3aee2b1_s.jpg,75,75,https://live.staticflickr.com/65535/49318147757_01b3aee2b1_t.jpg,75,100,https://live.staticflickr.com/65535/49318147757_01b3aee2b1_m.jpg,180,240,https://live.staticflickr.com/65535/49318147757_01b3aee2b1.jpg,375,500,https://live.staticflickr.com/65535/49318147757_01b3aee2b1_z.jpg,480,640,https://live.staticflickr.com/65535/49318147757_01b3aee2b1_b.jpg,768,1024,https://live.staticflickr.com/65535/49318147757_e6799fbdbb_o.jpg,3456,4608,https://live.staticflickr.com/65535/49318147757_01b3aee2b1_c.jpg,600,800,https://live.staticflickr.com/65535/49318147757_01b3aee2b1_q.jpg,150,150,https://live.staticflickr.com/65535/49318147757_01b3aee2b1_n.jpg,240,320,https://live.staticflickr.com/65535/49318147757_3ef0946025_k.jpg,1536,2048,https://live.staticflickr.com/65535/49318147757_4e56a74d52_h.jpg,1200,1600,roland,vancouver.bc.canada,vancouver 
49317940426,35034347371@N01,550a0df926,65535,66,"",1,0,0,9,4608,3456,2020-01-02 12:16:44 -0800,2020-01-02 12:38:16 -0800,2020-01-01 20:34:47 UTC,0,0,roland,5485,6,53,rolandtanglaophoto vancouver,"",aefd5c5d2a,jpg,49.256575,-123.070187,16,0,"",5991085,1,0,0,0,photo,ready,https://live.staticflickr.com/65535/49317940426_550a0df926_s.jpg,75,75,https://live.staticflickr.com/65535/49317940426_550a0df926_t.jpg,75,100,https://live.staticflickr.com/65535/49317940426_550a0df926_m.jpg,180,240,https://live.staticflickr.com/65535/49317940426_550a0df926.jpg,375,500,https://live.staticflickr.com/65535/49317940426_550a0df926_z.jpg,480,640,https://live.staticflickr.com/65535/49317940426_550a0df926_b.jpg,768,1024,https://live.staticflickr.com/65535/49317940426_aefd5c5d2a_o.jpg,3456,4608,https://live.staticflickr.com/65535/49317940426_550a0df926_c.jpg,600,800,https://live.staticflickr.com/65535/49317940426_550a0df926_q.jpg,150,150,https://live.staticflickr.com/65535/49317940426_550a0df926_n.jpg,240,320,https://live.staticflickr.com/65535/49317940426_9b2547b5d8_k.jpg,1536,2048,https://live.staticflickr.com/65535/49317940426_0055d4666f_h.jpg,1200,1600,roland,vancouver.bc.canada,vancouver 
49317444333,35034347371@N01,4fd6f88901,65535,66,"",1,0,0,9,4608,3456,2020-01-02 12:16:46 -0800,2020-01-02 12:38:16 -0800,2020-01-01 20:34:48 UTC,0,0,roland,5485,6,65,rolandtanglaophoto vancouver,"",73a5399f41,jpg,49.256575,-123.070187,16,0,"",5991085,1,0,0,0,photo,ready,https://live.staticflickr.com/65535/49317444333_4fd6f88901_s.jpg,75,75,https://live.staticflickr.com/65535/49317444333_4fd6f88901_t.jpg,75,100,https://live.staticflickr.com/65535/49317444333_4fd6f88901_m.jpg,180,240,https://live.staticflickr.com/65535/49317444333_4fd6f88901.jpg,375,500,https://live.staticflickr.com/65535/49317444333_4fd6f88901_z.jpg,480,640,https://live.staticflickr.com/65535/49317444333_4fd6f88901_b.jpg,768,1024,https://live.staticflickr.com/65535/49317444333_73a5399f41_o.jpg,3456,4608,https://live.staticflickr.com/65535/49317444333_4fd6f88901_c.jpg,600,800,https://live.staticflickr.com/65535/49317444333_4fd6f88901_q.jpg,150,150,https://live.staticflickr.com/65535/49317444333_4fd6f88901_n.jpg,240,320,https://live.staticflickr.com/65535/49317444333_6cfc5acd0c_k.jpg,1536,2048,https://live.staticflickr.com/65535/49317444333_47004fd3c8_h.jpg,1200,1600,roland,vancouver.bc.canada,vancouver 
49318150002,35034347371@N01,e9ab7caab1,65535,66,"",1,0,0,9,4608,3456,2020-01-02 12:16:47 -0800,2020-01-02 12:38:14 -0800,2020-01-01 20:35:54 UTC,0,0,roland,5485,6,48,rolandtanglaophoto vancouver,"",d1058652f2,jpg,49.256413,-123.071037,16,0,"",5991085,1,0,0,0,photo,ready,https://live.staticflickr.com/65535/49318150002_e9ab7caab1_s.jpg,75,75,https://live.staticflickr.com/65535/49318150002_e9ab7caab1_t.jpg,75,100,https://live.staticflickr.com/65535/49318150002_e9ab7caab1_m.jpg,180,240,https://live.staticflickr.com/65535/49318150002_e9ab7caab1.jpg,375,500,https://live.staticflickr.com/65535/49318150002_e9ab7caab1_z.jpg,480,640,https://live.staticflickr.com/65535/49318150002_e9ab7caab1_b.jpg,768,1024,https://live.staticflickr.com/65535/49318150002_d1058652f2_o.jpg,3456,4608,https://live.staticflickr.com/65535/49318150002_e9ab7caab1_c.jpg,600,800,https://live.staticflickr.com/65535/49318150002_e9ab7caab1_q.jpg,150,150,https://live.staticflickr.com/65535/49318150002_e9ab7caab1_n.jpg,240,320,https://live.staticflickr.com/65535/49318150002_d38d7e2d29_k.jpg,1536,2048,https://live.staticflickr.com/65535/49318150002_4fe8b8388e_h.jpg,1200,1600,roland,vancouver.bc.canada,vancouver 
49317940621,35034347371@N01,9aaea8a3b3,65535,66,"",1,0,0,9,4608,3456,2020-01-02 12:16:46 -0800,2020-01-02 12:38:15 -0800,2020-01-01 20:37:17 UTC,0,0,roland,5485,6,70,rolandtanglaophoto vancouver,"",5822c3291a,jpg,49.255383,-123.071056,16,0,"",5991085,1,0,0,0,photo,ready,https://live.staticflickr.com/65535/49317940621_9aaea8a3b3_s.jpg,75,75,https://live.staticflickr.com/65535/49317940621_9aaea8a3b3_t.jpg,75,100,https://live.staticflickr.com/65535/49317940621_9aaea8a3b3_m.jpg,180,240,https://live.staticflickr.com/65535/49317940621_9aaea8a3b3.jpg,375,500,https://live.staticflickr.com/65535/49317940621_9aaea8a3b3_z.jpg,480,640,https://live.staticflickr.com/65535/49317940621_9aaea8a3b3_b.jpg,768,1024,https://live.staticflickr.com/65535/49317940621_5822c3291a_o.jpg,3456,4608,https://live.staticflickr.com/65535/49317940621_9aaea8a3b3_c.jpg,600,800,https://live.staticflickr.com/65535/49317940621_9aaea8a3b3_q.jpg,150,150,https://live.staticflickr.com/65535/49317940621_9aaea8a3b3_n.jpg,240,320,https://live.staticflickr.com/65535/49317940621_eb09074620_k.jpg,1536,2048,https://live.staticflickr.com/65535/49317940621_6f7b1b44db_h.jpg,1200,1600,roland,vancouver.bc.canada,vancouver 
49313830901,35034347371@N01,3830b52a79,65535,66,20200101_162759,1,0,0,9,3024,3024,2020-01-01 19:42:46 -0800,2020-01-02 12:40:45 -0800,2020-01-02 00:27:59 UTC,0,0,roland,5485,6,67,cypress cypressmtn cypressmountain westvan westvancouver vancouver xcskiing skiing crosscountryskiing snow,"",908b64587f,jpg,49.378422,-123.191750,16,0,"",6179554,1,0,0,0,photo,ready,https://live.staticflickr.com/65535/49313830901_3830b52a79_s.jpg,75,75,https://live.staticflickr.com/65535/49313830901_3830b52a79_t.jpg,100,100,https://live.staticflickr.com/65535/49313830901_3830b52a79_m.jpg,240,240,https://live.staticflickr.com/65535/49313830901_3830b52a79.jpg,500,500,https://live.staticflickr.com/65535/49313830901_3830b52a79_z.jpg,640,640,https://live.staticflickr.com/65535/49313830901_3830b52a79_b.jpg,1024,1024,https://live.staticflickr.com/65535/49313830901_908b64587f_o.jpg,3024,3024,https://live.staticflickr.com/65535/49313830901_3830b52a79_c.jpg,800,800,https://live.staticflickr.com/65535/49313830901_3830b52a79_q.jpg,150,150,https://live.staticflickr.com/65535/49313830901_3830b52a79_n.jpg,320,320,https://live.staticflickr.com/65535/49313830901_e7cb402b0d_k.jpg,2048,2048,https://live.staticflickr.com/65535/49313830901_b1613a1227_h.jpg,1600,1600,roland,vancouver.bc.canada,cross country skiing at cypress mountain
49313831681,35034347371@N01,0db2d9bfc0,65535,66,20200101_162802,1,0,0,9,3024,3024,2020-01-01 19:42:56 -0800,2020-01-02 12:41:01 -0800,2020-01-02 00:28:02 UTC,0,0,roland,5485,6,44,cypress cypressmtn cypressmountain westvan westvancouver vancouver xcskiing skiing crosscountryskiing snow,"",5da3998438,jpg,49.378422,-123.191750,16,0,"",6179554,1,0,0,0,photo,ready,https://live.staticflickr.com/65535/49313831681_0db2d9bfc0_s.jpg,75,75,https://live.staticflickr.com/65535/49313831681_0db2d9bfc0_t.jpg,100,100,https://live.staticflickr.com/65535/49313831681_0db2d9bfc0_m.jpg,240,240,https://live.staticflickr.com/65535/49313831681_0db2d9bfc0.jpg,500,500,https://live.staticflickr.com/65535/49313831681_0db2d9bfc0_z.jpg,640,640,https://live.staticflickr.com/65535/49313831681_0db2d9bfc0_b.jpg,1024,1024,https://live.staticflickr.com/65535/49313831681_5da3998438_o.jpg,3024,3024,https://live.staticflickr.com/65535/49313831681_0db2d9bfc0_c.jpg,800,800,https://live.staticflickr.com/65535/49313831681_0db2d9bfc0_q.jpg,150,150,https://live.staticflickr.com/65535/49313831681_0db2d9bfc0_n.jpg,320,320,https://live.staticflickr.com/65535/49313831681_dda0003feb_k.jpg,2048,2048,https://live.staticflickr.com/65535/49313831681_72c18c684d_h.jpg,1600,1600,roland,vancouver.bc.canada,cross country skiing at cypress mountain
49313832551,35034347371@N01,23442bf380,65535,66,20200101_162814,1,0,0,9,3024,3024,2020-01-01 19:43:08 -0800,2020-01-02 12:41:01 -0800,2020-01-02 00:28:14 UTC,0,0,roland,5485,6,44,cypress cypressmtn cypressmountain westvan westvancouver vancouver xcskiing skiing crosscountryskiing snow,"",e6ba643aaa,jpg,49.378422,-123.191750,16,0,"",6179554,1,0,0,0,photo,ready,https://live.staticflickr.com/65535/49313832551_23442bf380_s.jpg,75,75,https://live.staticflickr.com/65535/49313832551_23442bf380_t.jpg,100,100,https://live.staticflickr.com/65535/49313832551_23442bf380_m.jpg,240,240,https://live.staticflickr.com/65535/49313832551_23442bf380.jpg,500,500,https://live.staticflickr.com/65535/49313832551_23442bf380_z.jpg,640,640,https://live.staticflickr.com/65535/49313832551_23442bf380_b.jpg,1024,1024,https://live.staticflickr.com/65535/49313832551_e6ba643aaa_o.jpg,3024,3024,https://live.staticflickr.com/65535/49313832551_23442bf380_c.jpg,800,800,https://live.staticflickr.com/65535/49313832551_23442bf380_q.jpg,150,150,https://live.staticflickr.com/65535/49313832551_23442bf380_n.jpg,320,320,https://live.staticflickr.com/65535/49313832551_ec24827901_k.jpg,2048,2048,https://live.staticflickr.com/65535/49313832551_64d1881926_h.jpg,1600,1600,roland,vancouver.bc.canada,cross country skiing at cypress mountain
49314043387,35034347371@N01,11d0b71d2c,65535,66,20200101_162816,1,0,0,9,3024,3024,2020-01-01 19:44:29 -0800,2020-01-02 12:41:00 -0800,2020-01-02 00:28:15 UTC,0,0,roland,5485,6,44,cypress cypressmtn cypressmountain westvan westvancouver vancouver xcskiing skiing crosscountryskiing snow,"",acd1a4e1ea,jpg,49.378422,-123.191750,16,0,"",6179554,1,0,0,0,photo,ready,https://live.staticflickr.com/65535/49314043387_11d0b71d2c_s.jpg,75,75,https://live.staticflickr.com/65535/49314043387_11d0b71d2c_t.jpg,100,100,https://live.staticflickr.com/65535/49314043387_11d0b71d2c_m.jpg,240,240,https://live.staticflickr.com/65535/49314043387_11d0b71d2c.jpg,500,500,https://live.staticflickr.com/65535/49314043387_11d0b71d2c_z.jpg,640,640,https://live.staticflickr.com/65535/49314043387_11d0b71d2c_b.jpg,1024,1024,https://live.staticflickr.com/65535/49314043387_acd1a4e1ea_o.jpg,3024,3024,https://live.staticflickr.com/65535/49314043387_11d0b71d2c_c.jpg,800,800,https://live.staticflickr.com/65535/49314043387_11d0b71d2c_q.jpg,150,150,https://live.staticflickr.com/65535/49314043387_11d0b71d2c_n.jpg,320,320,https://live.staticflickr.com/65535/49314043387_b14014b716_k.jpg,2048,2048,https://live.staticflickr.com/65535/49314043387_dba8e08ea0_h.jpg,1600,1600,roland,vancouver.bc.canada,cross country skiing at cypress mountain
49313339498,35034347371@N01,38d1cfacb0,65535,66,20200101_162819,1,0,0,9,3024,3024,2020-01-01 19:44:38 -0800,2020-01-02 12:40:59 -0800,2020-01-02 00:28:19 UTC,0,0,roland,5485,6,45,cypress cypressmtn cypressmountain westvan westvancouver vancouver xcskiing skiing crosscountryskiing snow,"",cb67727de1,jpg,49.378422,-123.191750,16,0,"",6179554,1,0,0,0,photo,ready,https://live.staticflickr.com/65535/49313339498_38d1cfacb0_s.jpg,75,75,https://live.staticflickr.com/65535/49313339498_38d1cfacb0_t.jpg,100,100,https://live.staticflickr.com/65535/49313339498_38d1cfacb0_m.jpg,240,240,https://live.staticflickr.com/65535/49313339498_38d1cfacb0.jpg,500,500,https://live.staticflickr.com/65535/49313339498_38d1cfacb0_z.jpg,640,640,https://live.staticflickr.com/65535/49313339498_38d1cfacb0_b.jpg,1024,1024,https://live.staticflickr.com/65535/49313339498_cb67727de1_o.jpg,3024,3024,https://live.staticflickr.com/65535/49313339498_38d1cfacb0_c.jpg,800,800,https://live.staticflickr.com/65535/49313339498_38d1cfacb0_q.jpg,150,150,https://live.staticflickr.com/65535/49313339498_38d1cfacb0_n.jpg,320,320,https://live.staticflickr.com/65535/49313339498_7cab387657_k.jpg,2048,2048,https://live.staticflickr.com/65535/49313339498_594f833b5a_h.jpg,1600,1600,roland,vancouver.bc.canada,cross country skiing at cypress mountain
49313339558,35034347371@N01,88116ea76c,65535,66,20200101_162822,1,0,0,9,3024,3024,2020-01-01 19:44:39 -0800,2020-01-02 12:40:58 -0800,2020-01-02 00:28:22 UTC,0,0,roland,5485,6,42,cypress cypressmtn cypressmountain westvan westvancouver vancouver xcskiing skiing crosscountryskiing snow,"",0b4848538c,jpg,49.378422,-123.191750,16,0,"",6179554,1,0,0,0,photo,ready,https://live.staticflickr.com/65535/49313339558_88116ea76c_s.jpg,75,75,https://live.staticflickr.com/65535/49313339558_88116ea76c_t.jpg,100,100,https://live.staticflickr.com/65535/49313339558_88116ea76c_m.jpg,240,240,https://live.staticflickr.com/65535/49313339558_88116ea76c.jpg,500,500,https://live.staticflickr.com/65535/49313339558_88116ea76c_z.jpg,640,640,https://live.staticflickr.com/65535/49313339558_88116ea76c_b.jpg,1024,1024,https://live.staticflickr.com/65535/49313339558_0b4848538c_o.jpg,3024,3024,https://live.staticflickr.com/65535/49313339558_88116ea76c_c.jpg,800,800,https://live.staticflickr.com/65535/49313339558_88116ea76c_q.jpg,150,150,https://live.staticflickr.com/65535/49313339558_88116ea76c_n.jpg,320,320,https://live.staticflickr.com/65535/49313339558_a9ceb868e4_k.jpg,2048,2048,https://live.staticflickr.com/65535/49313339558_0d615010ba_h.jpg,1600,1600,roland,vancouver.bc.canada,cross country skiing at cypress mountain
49314055812,35034347371@N01,37a70fe9ab,65535,66,20200101_162824,1,0,0,9,3024,3024,2020-01-01 19:47:13 -0800,2020-01-02 12:40:56 -0800,2020-01-02 00:28:24 UTC,0,0,roland,5485,6,43,cypress cypressmtn cypressmountain westvan westvancouver vancouver xcskiing skiing crosscountryskiing snow,"",b04b9bccca,jpg,49.378422,-123.191750,16,0,"",6179554,1,0,0,0,photo,ready,https://live.staticflickr.com/65535/49314055812_37a70fe9ab_s.jpg,75,75,https://live.staticflickr.com/65535/49314055812_37a70fe9ab_t.jpg,100,100,https://live.staticflickr.com/65535/49314055812_37a70fe9ab_m.jpg,240,240,https://live.staticflickr.com/65535/49314055812_37a70fe9ab.jpg,500,500,https://live.staticflickr.com/65535/49314055812_37a70fe9ab_z.jpg,640,640,https://live.staticflickr.com/65535/49314055812_37a70fe9ab_b.jpg,1024,1024,https://live.staticflickr.com/65535/49314055812_b04b9bccca_o.jpg,3024,3024,https://live.staticflickr.com/65535/49314055812_37a70fe9ab_c.jpg,800,800,https://live.staticflickr.com/65535/49314055812_37a70fe9ab_q.jpg,150,150,https://live.staticflickr.com/65535/49314055812_37a70fe9ab_n.jpg,320,320,https://live.staticflickr.com/65535/49314055812_7f95ee0d38_k.jpg,2048,2048,https://live.staticflickr.com/65535/49314055812_a62b78909f_h.jpg,1600,1600,roland,vancouver.bc.canada,cross country skiing at cypress mountain
49313350983,35034347371@N01,22bde00b43,65535,66,20200101_162827,1,0,0,9,3024,3024,2020-01-01 19:47:13 -0800,2020-01-02 12:40:57 -0800,2020-01-02 00:28:27 UTC,0,0,roland,5485,6,43,cypress cypressmtn cypressmountain westvan westvancouver vancouver xcskiing skiing crosscountryskiing snow,"",5f3e73c583,jpg,49.378422,-123.191750,16,0,"",6179554,1,0,0,0,photo,ready,https://live.staticflickr.com/65535/49313350983_22bde00b43_s.jpg,75,75,https://live.staticflickr.com/65535/49313350983_22bde00b43_t.jpg,100,100,https://live.staticflickr.com/65535/49313350983_22bde00b43_m.jpg,240,240,https://live.staticflickr.com/65535/49313350983_22bde00b43.jpg,500,500,https://live.staticflickr.com/65535/49313350983_22bde00b43_z.jpg,640,640,https://live.staticflickr.com/65535/49313350983_22bde00b43_b.jpg,1024,1024,https://live.staticflickr.com/65535/49313350983_5f3e73c583_o.jpg,3024,3024,https://live.staticflickr.com/65535/49313350983_22bde00b43_c.jpg,800,800,https://live.staticflickr.com/65535/49313350983_22bde00b43_q.jpg,150,150,https://live.staticflickr.com/65535/49313350983_22bde00b43_n.jpg,320,320,https://live.staticflickr.com/65535/49313350983_ab7ab8158c_k.jpg,2048,2048,https://live.staticflickr.com/65535/49313350983_2455f8d7ba_h.jpg,1600,1600,roland,vancouver.bc.canada,cross country skiing at cypress mountain
49314046547,35034347371@N01,74f449cbb4,65535,66,20200101_162840,1,0,0,9,2448,2448,2020-01-01 19:45:17 -0800,2020-01-02 12:40:58 -0800,2020-01-02 00:28:39 UTC,0,0,roland,5485,6,43,cypress cypressmtn cypressmountain westvan westvancouver vancouver xcskiing skiing crosscountryskiing snow,"",3eaece54d0,jpg,49.378333,-123.191667,16,0,"",6179554,1,0,0,0,photo,ready,https://live.staticflickr.com/65535/49314046547_74f449cbb4_s.jpg,75,75,https://live.staticflickr.com/65535/49314046547_74f449cbb4_t.jpg,100,100,https://live.staticflickr.com/65535/49314046547_74f449cbb4_m.jpg,240,240,https://live.staticflickr.com/65535/49314046547_74f449cbb4.jpg,500,500,https://live.staticflickr.com/65535/49314046547_74f449cbb4_z.jpg,640,640,https://live.staticflickr.com/65535/49314046547_74f449cbb4_b.jpg,1024,1024,https://live.staticflickr.com/65535/49314046547_3eaece54d0_o.jpg,2448,2448,https://live.staticflickr.com/65535/49314046547_74f449cbb4_c.jpg,800,800,https://live.staticflickr.com/65535/49314046547_74f449cbb4_q.jpg,150,150,https://live.staticflickr.com/65535/49314046547_74f449cbb4_n.jpg,320,320,https://live.staticflickr.com/65535/49314046547_6de102377a_k.jpg,2048,2048,https://live.staticflickr.com/65535/49314046547_302f869bc7_h.jpg,1600,1600,roland,vancouver.bc.canada,cross country skiing at cypress mountain
49313849961,35034347371@N01,6e2a65045b,65535,66,20200101_174418,1,0,0,9,3024,3024,2020-01-01 19:47:16 -0800,2020-01-02 12:40:55 -0800,2020-01-02 01:44:18 UTC,0,0,roland,5485,6,44,cypress cypressmtn cypressmountain westvan westvancouver vancouver xcskiing skiing crosscountryskiing snow,"",7c1be86946,jpg,49.376950,-123.192478,16,0,"",6179554,1,0,0,0,photo,ready,https://live.staticflickr.com/65535/49313849961_6e2a65045b_s.jpg,75,75,https://live.staticflickr.com/65535/49313849961_6e2a65045b_t.jpg,100,100,https://live.staticflickr.com/65535/49313849961_6e2a65045b_m.jpg,240,240,https://live.staticflickr.com/65535/49313849961_6e2a65045b.jpg,500,500,https://live.staticflickr.com/65535/49313849961_6e2a65045b_z.jpg,640,640,https://live.staticflickr.com/65535/49313849961_6e2a65045b_b.jpg,1024,1024,https://live.staticflickr.com/65535/49313849961_7c1be86946_o.jpg,3024,3024,https://live.staticflickr.com/65535/49313849961_6e2a65045b_c.jpg,800,800,https://live.staticflickr.com/65535/49313849961_6e2a65045b_q.jpg,150,150,https://live.staticflickr.com/65535/49313849961_6e2a65045b_n.jpg,320,320,https://live.staticflickr.com/65535/49313849961_590ed977b1_k.jpg,2048,2048,https://live.staticflickr.com/65535/49313849961_c05b235550_h.jpg,1600,1600,roland,vancouver.bc.canada,cross country skiing at cypress mountain
49313855436,35034347371@N01,95036af7fb,65535,66,20200101_174420,1,0,0,9,3024,3024,2020-01-01 19:48:32 -0800,2020-01-02 12:40:54 -0800,2020-01-02 01:44:20 UTC,0,0,roland,5485,6,45,cypress cypressmtn cypressmountain westvan westvancouver vancouver xcskiing skiing crosscountryskiing snow,"",ebd6a9939c,jpg,49.375761,-123.184614,16,0,"",6179554,1,0,0,0,photo,ready,https://live.staticflickr.com/65535/49313855436_95036af7fb_s.jpg,75,75,https://live.staticflickr.com/65535/49313855436_95036af7fb_t.jpg,100,100,https://live.staticflickr.com/65535/49313855436_95036af7fb_m.jpg,240,240,https://live.staticflickr.com/65535/49313855436_95036af7fb.jpg,500,500,https://live.staticflickr.com/65535/49313855436_95036af7fb_z.jpg,640,640,https://live.staticflickr.com/65535/49313855436_95036af7fb_b.jpg,1024,1024,https://live.staticflickr.com/65535/49313855436_ebd6a9939c_o.jpg,3024,3024,https://live.staticflickr.com/65535/49313855436_95036af7fb_c.jpg,800,800,https://live.staticflickr.com/65535/49313855436_95036af7fb_q.jpg,150,150,https://live.staticflickr.com/65535/49313855436_95036af7fb_n.jpg,320,320,https://live.staticflickr.com/65535/49313855436_09efccc542_k.jpg,2048,2048,https://live.staticflickr.com/65535/49313855436_ad7993e0f5_h.jpg,1600,1600,roland,vancouver.bc.canada,cross country skiing at cypress mountain
49313356753,35034347371@N01,e4c398d11d,65535,66,20200101_174422,1,0,0,9,3024,3024,2020-01-01 19:48:36 -0800,2020-01-02 12:40:53 -0800,2020-01-02 01:44:22 UTC,0,0,roland,5485,6,46,cypress cypressmtn cypressmountain westvan westvancouver vancouver xcskiing skiing crosscountryskiing snow,"",608ae794f1,jpg,49.375761,-123.184614,16,0,"",6179554,1,0,0,0,photo,ready,https://live.staticflickr.com/65535/49313356753_e4c398d11d_s.jpg,75,75,https://live.staticflickr.com/65535/49313356753_e4c398d11d_t.jpg,100,100,https://live.staticflickr.com/65535/49313356753_e4c398d11d_m.jpg,240,240,https://live.staticflickr.com/65535/49313356753_e4c398d11d.jpg,500,500,https://live.staticflickr.com/65535/49313356753_e4c398d11d_z.jpg,640,640,https://live.staticflickr.com/65535/49313356753_e4c398d11d_b.jpg,1024,1024,https://live.staticflickr.com/65535/49313356753_608ae794f1_o.jpg,3024,3024,https://live.staticflickr.com/65535/49313356753_e4c398d11d_c.jpg,800,800,https://live.staticflickr.com/65535/49313356753_e4c398d11d_q.jpg,150,150,https://live.staticflickr.com/65535/49313356753_e4c398d11d_n.jpg,320,320,https://live.staticflickr.com/65535/49313356753_ff0f029df0_k.jpg,2048,2048,https://live.staticflickr.com/65535/49313356753_0d4a15b0e2_h.jpg,1600,1600,roland,vancouver.bc.canada,cross country skiing at cypress mountain
49313355618,35034347371@N01,2a52c471a9,65535,66,20200101_174424,1,0,0,9,3024,3024,2020-01-01 19:48:19 -0800,2020-01-02 12:40:55 -0800,2020-01-02 01:44:24 UTC,0,0,roland,5485,6,45,cypress cypressmtn cypressmountain westvan westvancouver vancouver xcskiing skiing crosscountryskiing snow,"",6fc61d7a1a,jpg,49.375761,-123.184614,16,0,"",6179554,1,0,0,0,photo,ready,https://live.staticflickr.com/65535/49313355618_2a52c471a9_s.jpg,75,75,https://live.staticflickr.com/65535/49313355618_2a52c471a9_t.jpg,100,100,https://live.staticflickr.com/65535/49313355618_2a52c471a9_m.jpg,240,240,https://live.staticflickr.com/65535/49313355618_2a52c471a9.jpg,500,500,https://live.staticflickr.com/65535/49313355618_2a52c471a9_z.jpg,640,640,https://live.staticflickr.com/65535/49313355618_2a52c471a9_b.jpg,1024,1024,https://live.staticflickr.com/65535/49313355618_6fc61d7a1a_o.jpg,3024,3024,https://live.staticflickr.com/65535/49313355618_2a52c471a9_c.jpg,800,800,https://live.staticflickr.com/65535/49313355618_2a52c471a9_q.jpg,150,150,https://live.staticflickr.com/65535/49313355618_2a52c471a9_n.jpg,320,320,https://live.staticflickr.com/65535/49313355618_430bdca08e_k.jpg,2048,2048,https://live.staticflickr.com/65535/49313355618_988af8b6b9_h.jpg,1600,1600,roland,vancouver.bc.canada,cross country skiing at cypress mountain
49313858391,35034347371@N01,b7c8f46c38,65535,66,20200101_174450,1,0,0,9,3024,3024,2020-01-01 19:49:17 -0800,2020-01-02 12:40:52 -0800,2020-01-02 01:44:49 UTC,0,0,roland,5485,6,45,cypress cypressmtn cypressmountain westvan westvancouver vancouver xcskiing skiing crosscountryskiing snow,"",c5ed1e5c84,jpg,49.375761,-123.184614,16,0,"",6179554,1,0,0,0,photo,ready,https://live.staticflickr.com/65535/49313858391_b7c8f46c38_s.jpg,75,75,https://live.staticflickr.com/65535/49313858391_b7c8f46c38_t.jpg,100,100,https://live.staticflickr.com/65535/49313858391_b7c8f46c38_m.jpg,240,240,https://live.staticflickr.com/65535/49313858391_b7c8f46c38.jpg,500,500,https://live.staticflickr.com/65535/49313858391_b7c8f46c38_z.jpg,640,640,https://live.staticflickr.com/65535/49313858391_b7c8f46c38_b.jpg,1024,1024,https://live.staticflickr.com/65535/49313858391_c5ed1e5c84_o.jpg,3024,3024,https://live.staticflickr.com/65535/49313858391_b7c8f46c38_c.jpg,800,800,https://live.staticflickr.com/65535/49313858391_b7c8f46c38_q.jpg,150,150,https://live.staticflickr.com/65535/49313858391_b7c8f46c38_n.jpg,320,320,https://live.staticflickr.com/65535/49313858391_00ce762f52_k.jpg,2048,2048,https://live.staticflickr.com/65535/49313858391_8236c254b9_h.jpg,1600,1600,roland,vancouver.bc.canada,cross country skiing at cypress mountain
49313860366,35034347371@N01,dab8ef386a,65535,66,20200101_174516,1,0,0,9,3024,3024,2020-01-01 19:49:48 -0800,2020-01-02 12:40:51 -0800,2020-01-02 01:45:16 UTC,0,0,roland,5485,6,46,cypress cypressmtn cypressmountain westvan westvancouver vancouver xcskiing skiing crosscountryskiing snow,"",0a62728b02,jpg,49.376950,-123.192478,16,0,"",6179554,1,0,0,0,photo,ready,https://live.staticflickr.com/65535/49313860366_dab8ef386a_s.jpg,75,75,https://live.staticflickr.com/65535/49313860366_dab8ef386a_t.jpg,100,100,https://live.staticflickr.com/65535/49313860366_dab8ef386a_m.jpg,240,240,https://live.staticflickr.com/65535/49313860366_dab8ef386a.jpg,500,500,https://live.staticflickr.com/65535/49313860366_dab8ef386a_z.jpg,640,640,https://live.staticflickr.com/65535/49313860366_dab8ef386a_b.jpg,1024,1024,https://live.staticflickr.com/65535/49313860366_0a62728b02_o.jpg,3024,3024,https://live.staticflickr.com/65535/49313860366_dab8ef386a_c.jpg,800,800,https://live.staticflickr.com/65535/49313860366_dab8ef386a_q.jpg,150,150,https://live.staticflickr.com/65535/49313860366_dab8ef386a_n.jpg,320,320,https://live.staticflickr.com/65535/49313860366_92aaba0a3b_k.jpg,2048,2048,https://live.staticflickr.com/65535/49313860366_6ff874b6bf_h.jpg,1600,1600,roland,vancouver.bc.canada,cross country skiing at cypress mountain
49313362673,35034347371@N01,e568c8907b,65535,66,20200101_174517,1,0,0,9,3024,3024,2020-01-01 19:49:57 -0800,2020-01-02 12:40:51 -0800,2020-01-02 01:45:17 UTC,0,0,roland,5485,6,47,cypress cypressmtn cypressmountain westvan westvancouver vancouver xcskiing skiing crosscountryskiing snow,"",8130552355,jpg,49.376950,-123.192478,16,0,"",6179554,1,0,0,0,photo,ready,https://live.staticflickr.com/65535/49313362673_e568c8907b_s.jpg,75,75,https://live.staticflickr.com/65535/49313362673_e568c8907b_t.jpg,100,100,https://live.staticflickr.com/65535/49313362673_e568c8907b_m.jpg,240,240,https://live.staticflickr.com/65535/49313362673_e568c8907b.jpg,500,500,https://live.staticflickr.com/65535/49313362673_e568c8907b_z.jpg,640,640,https://live.staticflickr.com/65535/49313362673_e568c8907b_b.jpg,1024,1024,https://live.staticflickr.com/65535/49313362673_8130552355_o.jpg,3024,3024,https://live.staticflickr.com/65535/49313362673_e568c8907b_c.jpg,800,800,https://live.staticflickr.com/65535/49313362673_e568c8907b_q.jpg,150,150,https://live.staticflickr.com/65535/49313362673_e568c8907b_n.jpg,320,320,https://live.staticflickr.com/65535/49313362673_6baefa3474_k.jpg,2048,2048,https://live.staticflickr.com/65535/49313362673_ac29fdbe7d_h.jpg,1600,1600,roland,vancouver.bc.canada,cross country skiing at cypress mountain
49313364108,35034347371@N01,8f5c920373,65535,66,20200101_174519,1,0,0,9,3024,3024,2020-01-01 19:50:21 -0800,2020-01-02 12:40:50 -0800,2020-01-02 01:45:19 UTC,0,0,roland,5485,6,46,cypress cypressmtn cypressmountain westvan westvancouver vancouver xcskiing skiing crosscountryskiing snow,"",d6be241887,jpg,49.376950,-123.192478,16,0,"",6179554,1,0,0,0,photo,ready,https://live.staticflickr.com/65535/49313364108_8f5c920373_s.jpg,75,75,https://live.staticflickr.com/65535/49313364108_8f5c920373_t.jpg,100,100,https://live.staticflickr.com/65535/49313364108_8f5c920373_m.jpg,240,240,https://live.staticflickr.com/65535/49313364108_8f5c920373.jpg,500,500,https://live.staticflickr.com/65535/49313364108_8f5c920373_z.jpg,640,640,https://live.staticflickr.com/65535/49313364108_8f5c920373_b.jpg,1024,1024,https://live.staticflickr.com/65535/49313364108_d6be241887_o.jpg,3024,3024,https://live.staticflickr.com/65535/49313364108_8f5c920373_c.jpg,800,800,https://live.staticflickr.com/65535/49313364108_8f5c920373_q.jpg,150,150,https://live.staticflickr.com/65535/49313364108_8f5c920373_n.jpg,320,320,https://live.staticflickr.com/65535/49313364108_474e38de88_k.jpg,2048,2048,https://live.staticflickr.com/65535/49313364108_5d00500084_h.jpg,1600,1600,roland,vancouver.bc.canada,cross country skiing at cypress mountain
49313873021,35034347371@N01,936b1afa2f,65535,66,20200101_174522,1,0,0,9,3024,3024,2020-01-01 19:53:30 -0800,2020-01-02 12:40:48 -0800,2020-01-02 01:45:22 UTC,0,0,roland,5485,6,46,cypress cypressmtn cypressmountain westvan westvancouver vancouver xcskiing skiing crosscountryskiing snow,"",d5e919df13,jpg,49.376950,-123.192478,16,0,"",6179554,1,0,0,0,photo,ready,https://live.staticflickr.com/65535/49313873021_936b1afa2f_s.jpg,75,75,https://live.staticflickr.com/65535/49313873021_936b1afa2f_t.jpg,100,100,https://live.staticflickr.com/65535/49313873021_936b1afa2f_m.jpg,240,240,https://live.staticflickr.com/65535/49313873021_936b1afa2f.jpg,500,500,https://live.staticflickr.com/65535/49313873021_936b1afa2f_z.jpg,640,640,https://live.staticflickr.com/65535/49313873021_936b1afa2f_b.jpg,1024,1024,https://live.staticflickr.com/65535/49313873021_d5e919df13_o.jpg,3024,3024,https://live.staticflickr.com/65535/49313873021_936b1afa2f_c.jpg,800,800,https://live.staticflickr.com/65535/49313873021_936b1afa2f_q.jpg,150,150,https://live.staticflickr.com/65535/49313873021_936b1afa2f_n.jpg,320,320,https://live.staticflickr.com/65535/49313873021_c0f579d707_k.jpg,2048,2048,https://live.staticflickr.com/65535/49313873021_64414bd49b_h.jpg,1600,1600,roland,vancouver.bc.canada,cross country skiing at cypress mountain
49313872991,35034347371@N01,cb5d01a9ee,65535,66,i wake up i don't know where i've been :-) 20200101_174523,1,0,0,9,3024,3024,2020-01-01 19:53:30 -0800,2020-01-02 12:40:48 -0800,2020-01-02 01:45:23 UTC,0,0,roland,5485,6,99,snow skiing xcskiing blurry intentionallyblurry cypressmountain cypressmtn vancouver crosscountryskiing westvancouver westvan iwakeupidontknowwhereivebeen cypress,"",7c272a9cf3,jpg,49.376950,-123.192478,16,0,"",6179554,1,0,0,0,photo,ready,https://live.staticflickr.com/65535/49313872991_cb5d01a9ee_s.jpg,75,75,https://live.staticflickr.com/65535/49313872991_cb5d01a9ee_t.jpg,100,100,https://live.staticflickr.com/65535/49313872991_cb5d01a9ee_m.jpg,240,240,https://live.staticflickr.com/65535/49313872991_cb5d01a9ee.jpg,500,500,https://live.staticflickr.com/65535/49313872991_cb5d01a9ee_z.jpg,640,640,https://live.staticflickr.com/65535/49313872991_cb5d01a9ee_b.jpg,1024,1024,https://live.staticflickr.com/65535/49313872991_7c272a9cf3_o.jpg,3024,3024,https://live.staticflickr.com/65535/49313872991_cb5d01a9ee_c.jpg,800,800,https://live.staticflickr.com/65535/49313872991_cb5d01a9ee_q.jpg,150,150,https://live.staticflickr.com/65535/49313872991_cb5d01a9ee_n.jpg,320,320,https://live.staticflickr.com/65535/49313872991_097f78efec_k.jpg,2048,2048,https://live.staticflickr.com/65535/49313872991_18ef8db6e0_h.jpg,1600,1600,roland,vancouver.bc.canada,cross country skiing at cypress mountain
49313872551,35034347371@N01,1a5554b5c8,65535,66,20200101_174524,1,0,0,9,3024,3024,2020-01-01 19:53:24 -0800,2020-01-02 12:40:49 -0800,2020-01-02 01:45:24 UTC,0,0,roland,5485,6,48,cypress cypressmtn cypressmountain westvan westvancouver vancouver xcskiing skiing crosscountryskiing snow,"",fa1a0000ce,jpg,49.376950,-123.192478,16,0,"",6179554,1,0,0,0,photo,ready,https://live.staticflickr.com/65535/49313872551_1a5554b5c8_s.jpg,75,75,https://live.staticflickr.com/65535/49313872551_1a5554b5c8_t.jpg,100,100,https://live.staticflickr.com/65535/49313872551_1a5554b5c8_m.jpg,240,240,https://live.staticflickr.com/65535/49313872551_1a5554b5c8.jpg,500,500,https://live.staticflickr.com/65535/49313872551_1a5554b5c8_z.jpg,640,640,https://live.staticflickr.com/65535/49313872551_1a5554b5c8_b.jpg,1024,1024,https://live.staticflickr.com/65535/49313872551_fa1a0000ce_o.jpg,3024,3024,https://live.staticflickr.com/65535/49313872551_1a5554b5c8_c.jpg,800,800,https://live.staticflickr.com/65535/49313872551_1a5554b5c8_q.jpg,150,150,https://live.staticflickr.com/65535/49313872551_1a5554b5c8_n.jpg,320,320,https://live.staticflickr.com/65535/49313872551_2577eeb6bd_k.jpg,2048,2048,https://live.staticflickr.com/65535/49313872551_9305229422_h.jpg,1600,1600,roland,vancouver.bc.canada,cross country skiing at cypress mountain
49314083982,35034347371@N01,dc49f6de91,65535,66,20200101_174529,1,0,0,9,3024,3024,2020-01-01 19:54:19 -0800,2020-01-02 12:40:48 -0800,2020-01-02 01:45:29 UTC,0,0,roland,5485,6,52,cypress cypressmtn cypressmountain westvan westvancouver vancouver xcskiing skiing crosscountryskiing snow,"",c075d8905b,jpg,49.376950,-123.192478,16,0,"",6179554,1,0,0,0,photo,ready,https://live.staticflickr.com/65535/49314083982_dc49f6de91_s.jpg,75,75,https://live.staticflickr.com/65535/49314083982_dc49f6de91_t.jpg,100,100,https://live.staticflickr.com/65535/49314083982_dc49f6de91_m.jpg,240,240,https://live.staticflickr.com/65535/49314083982_dc49f6de91.jpg,500,500,https://live.staticflickr.com/65535/49314083982_dc49f6de91_z.jpg,640,640,https://live.staticflickr.com/65535/49314083982_dc49f6de91_b.jpg,1024,1024,https://live.staticflickr.com/65535/49314083982_c075d8905b_o.jpg,3024,3024,https://live.staticflickr.com/65535/49314083982_dc49f6de91_c.jpg,800,800,https://live.staticflickr.com/65535/49314083982_dc49f6de91_q.jpg,150,150,https://live.staticflickr.com/65535/49314083982_dc49f6de91_n.jpg,320,320,https://live.staticflickr.com/65535/49314083982_71dec710f8_k.jpg,2048,2048,https://live.staticflickr.com/65535/49314083982_79f4e014a5_h.jpg,1600,1600,roland,vancouver.bc.canada,cross country skiing at cypress mountain
49313876761,35034347371@N01,8ff97ff0e6,65535,66,20200101_174530,1,0,0,9,3024,3024,2020-01-01 19:54:23 -0800,2020-01-02 12:40:47 -0800,2020-01-02 01:45:30 UTC,0,0,roland,5485,6,64,cypress cypressmtn cypressmountain westvan westvancouver vancouver xcskiing skiing crosscountryskiing snow,"",974f756ec0,jpg,49.376950,-123.192478,16,0,"",6179554,1,0,0,0,photo,ready,https://live.staticflickr.com/65535/49313876761_8ff97ff0e6_s.jpg,75,75,https://live.staticflickr.com/65535/49313876761_8ff97ff0e6_t.jpg,100,100,https://live.staticflickr.com/65535/49313876761_8ff97ff0e6_m.jpg,240,240,https://live.staticflickr.com/65535/49313876761_8ff97ff0e6.jpg,500,500,https://live.staticflickr.com/65535/49313876761_8ff97ff0e6_z.jpg,640,640,https://live.staticflickr.com/65535/49313876761_8ff97ff0e6_b.jpg,1024,1024,https://live.staticflickr.com/65535/49313876761_974f756ec0_o.jpg,3024,3024,https://live.staticflickr.com/65535/49313876761_8ff97ff0e6_c.jpg,800,800,https://live.staticflickr.com/65535/49313876761_8ff97ff0e6_q.jpg,150,150,https://live.staticflickr.com/65535/49313876761_8ff97ff0e6_n.jpg,320,320,https://live.staticflickr.com/65535/49313876761_0d6cc8af7c_k.jpg,2048,2048,https://live.staticflickr.com/65535/49313876761_5863adeb31_h.jpg,1600,1600,roland,vancouver.bc.canada,cross country skiing at cypress mountain
49314084462,35034347371@N01,f5f1510c42,65535,66,20200101_174541,1,0,0,9,3024,3024,2020-01-01 19:54:28 -0800,2020-01-02 12:40:46 -0800,2020-01-02 01:45:41 UTC,0,0,roland,5485,6,63,cypress cypressmtn cypressmountain westvan westvancouver vancouver xcskiing skiing crosscountryskiing snow,"",3fc965bcec,jpg,49.376950,-123.192478,16,0,"",6179554,1,0,0,0,photo,ready,https://live.staticflickr.com/65535/49314084462_f5f1510c42_s.jpg,75,75,https://live.staticflickr.com/65535/49314084462_f5f1510c42_t.jpg,100,100,https://live.staticflickr.com/65535/49314084462_f5f1510c42_m.jpg,240,240,https://live.staticflickr.com/65535/49314084462_f5f1510c42.jpg,500,500,https://live.staticflickr.com/65535/49314084462_f5f1510c42_z.jpg,640,640,https://live.staticflickr.com/65535/49314084462_f5f1510c42_b.jpg,1024,1024,https://live.staticflickr.com/65535/49314084462_3fc965bcec_o.jpg,3024,3024,https://live.staticflickr.com/65535/49314084462_f5f1510c42_c.jpg,800,800,https://live.staticflickr.com/65535/49314084462_f5f1510c42_q.jpg,150,150,https://live.staticflickr.com/65535/49314084462_f5f1510c42_n.jpg,320,320,https://live.staticflickr.com/65535/49314084462_9279477418_k.jpg,2048,2048,https://live.staticflickr.com/65535/49314084462_62cc7ce8e8_h.jpg,1600,1600,roland,vancouver.bc.canada,cross country skiing at cypress mountain
